file_id,cell_line
9633,CACO-2
9634,CACO-2
9635,RT4
9636,MCF7
9637,HEK 293
9638,RT4
9639,A549
9640,RT4
9641,U-251 MG
9642,PC-3
9643,CACO-2
9644,RT4
9645,MCF7
9646,RT4
9647,CACO-2
9648,U-2 OS
9649,CACO-2
9650,RT4
9651,RT4
9652,CACO-2
9653,HEK 293
9654,HEK 293
9655,A549
9656,HEK 293
9657,HeLa
9658,HEK 293
9659,PC-3
9660,RT4
9661,HEK 293
9662,MCF7
9663,MCF7
9664,A549
9665,RT4
9666,HeLa
9667,CACO-2
9668,RT4
9669,MCF7
9670,MCF7
9671,PC-3
9672,HEK 293
9673,RT4
9674,CACO-2
9675,MCF7
9676,RT4
9677,RT4
9678,HEK 293
9679,CACO-2
9680,RT4
9681,RT4
9682,CACO-2
9683,U-251 MG
9684,CACO-2
9685,RT4
9686,RT4
9687,HEK 293
9688,HEK 293
9689,U-2 OS
9690,U-2 OS
9691,CACO-2
9692,CACO-2
9693,RT4
9694,PC-3
9695,RT4
9696,U-2 OS
9697,PC-3
9698,CACO-2
9699,U-251 MG
9700,MCF7
9701,CACO-2
9702,RT4
9703,PC-3
9704,PC-3
9705,RT4
9706,HeLa
9707,HeLa
9708,CACO-2
9709,U-2 OS
9710,RT4
9711,U-251 MG
9712,RT4
9713,HeLa
9714,RT4
9715,RT4
9716,PC-3
9717,MCF7
9718,RT4
9719,HeLa
9720,RT4
9721,U-2 OS
9722,RT4
9723,RT4
9724,CACO-2
9725,RT4
9726,MCF7
9727,RT4
9728,MCF7
9729,U-251 MG
9730,RT4
9731,PC-3
9732,RT4
9733,MCF7
9734,CACO-2
9735,RT4
9736,RT4
9737,RT4
9738,RT4
9739,A549
9740,RT4
9741,RT4
9742,RT4
9743,RT4
9744,A549
9745,U-2 OS
9746,MCF7
9747,HeLa
9748,CACO-2
9749,RT4
9750,MCF7
9751,PC-3
9752,RT4
9753,U-2 OS
9754,MCF7
9755,RT4
9756,RT4
9757,HEK 293
9758,RT4
9759,CACO-2
9760,MCF7
9761,RT4
9762,RT4
9763,PC-3
9764,RT4
9765,RT4
9766,U-2 OS
9767,RT4
9768,CACO-2
9769,HeLa
9770,RT4
9771,U-2 OS
9772,RT4
9773,HEK 293
9774,MCF7
9775,CACO-2
9776,MCF7
9777,CACO-2
9778,HEK 293
9779,CACO-2
9780,PC-3
9781,U-251 MG
9782,U-251 MG
9783,U-251 MG
9784,RT4
9785,RT4
9786,U-251 MG
9787,RT4
9788,RT4
9789,PC-3
9790,U-251 MG
9791,U-2 OS
9792,RT4
9793,RT4
9794,RT4
9795,MCF7
9796,HEK 293
9797,U-2 OS
9798,RT4
9799,U-251 MG
9800,RT4
9801,CACO-2
9802,MCF7
9803,CACO-2
9804,RT4
9805,RT4
9806,RT4
9807,RT4
9808,RT4
9809,RT4
9810,RT4
9811,U-251 MG
9812,RT4
9813,RT4
9814,CACO-2
9815,PC-3
9816,RT4
9817,RT4
9818,CACO-2
9819,HEK 293
9820,MCF7
9821,RT4
9822,CACO-2
9823,U-251 MG
9824,U-2 OS
9825,MCF7
9826,RT4
9827,PC-3
9828,A549
9829,U-2 OS
9830,PC-3
9831,A549
9832,PC-3
9833,RT4
9834,RT4
9835,RT4
9836,CACO-2
9837,U-251 MG
9838,PC-3
9839,U-251 MG
9840,HEK 293
9841,HEK 293
9842,A549
9843,RT4
9844,RT4
9845,U-2 OS
9846,RT4
9847,RT4
9848,CACO-2
9849,U-251 MG
9850,PC-3
9851,RT4
9852,HEK 293
9853,CACO-2
9854,CACO-2
9855,U-251 MG
9856,RT4
9857,MCF7
9858,RT4
9859,U-2 OS
9860,RT4
9861,CACO-2
9862,RT4
9863,CACO-2
9864,RT4
9865,RT4
9866,CACO-2
9867,PC-3
9868,CACO-2
9869,CACO-2
9870,RT4
9871,CACO-2
9872,MCF7
9873,A549
9874,U-251 MG
9875,RT4
9876,HEK 293
9877,CACO-2
9878,CACO-2
9879,U-2 OS
9880,RT4
9881,RT4
9882,RT4
9883,U-2 OS
9884,CACO-2
9885,RT4
9886,RT4
9887,U-2 OS
9888,RT4
9889,RT4
9890,RT4
9891,A549
9892,U-2 OS
9893,PC-3
9894,CACO-2
9895,HEK 293
9896,HEK 293
9897,HEK 293
9898,RT4
9899,PC-3
9900,CACO-2
9901,HEK 293
9902,MCF7
9903,MCF7
9904,CACO-2
9905,RT4
9906,PC-3
9907,RT4
9908,RT4
9909,U-251 MG
9910,HEK 293
9911,RT4
9912,CACO-2
9913,MCF7
9914,HEK 293
9915,RT4
9916,CACO-2
9917,U-2 OS
9918,PC-3
9919,U-2 OS
9920,CACO-2
9921,RT4
9922,RT4
9923,CACO-2
9924,CACO-2
9925,HEK 293
9926,MCF7
9927,HEK 293
9928,RT4
9929,HeLa
9930,RT4
9931,RT4
9932,U-251 MG
9933,MCF7
9934,RT4
9935,CACO-2
9936,U-251 MG
9937,RT4
9938,RT4
9939,HEK 293
9940,HEK 293
9941,RT4
9942,RT4
9943,CACO-2
9944,RT4
9945,RT4
9946,RT4
9947,RT4
9948,RT4
9949,U-251 MG
9950,RT4
9951,HEK 293
9952,A549
9953,CACO-2
9954,HEK 293
9955,CACO-2
9956,RT4
9957,RT4
9958,CACO-2
9959,CACO-2
9960,HEK 293
9961,HEK 293
9962,U-2 OS
9963,U-2 OS
9964,RT4
9965,CACO-2
9966,HeLa
9967,MCF7
9968,RT4
9969,CACO-2
9970,RT4
9971,CACO-2
9972,MCF7
9973,MCF7
9974,RT4
9975,A549
9976,CACO-2
9977,U-2 OS
9978,HEK 293
9979,RT4
9980,RT4
9981,U-2 OS
9982,RT4
9983,RT4
9984,RT4
9985,CACO-2
9986,RT4
9987,RT4
9988,RT4
9989,PC-3
9990,CACO-2
9991,CACO-2
9992,RT4
9993,HEK 293
9994,MCF7
9995,MCF7
9996,RT4
9997,RT4
9998,PC-3
9999,A549
10000,HEK 293
10001,HEK 293
10002,RT4
10003,RT4
10004,RT4
10005,CACO-2
10006,CACO-2
10007,U-251 MG
10008,CACO-2
10009,RT4
10010,MCF7
10011,CACO-2
10012,A549
10013,HEK 293
10014,RT4
10015,RT4
10016,PC-3
10017,RT4
10018,HEK 293
10019,RT4
10020,U-251 MG
10021,HEK 293
10022,CACO-2
10023,RT4
10024,CACO-2
10025,U-251 MG
10026,RT4
10027,RT4
10028,PC-3
10029,RT4
10030,RT4
10031,HEK 293
10032,MCF7
10033,U-251 MG
10034,MCF7
10035,RT4
10036,CACO-2
10037,MCF7
10038,RT4
10039,RT4
10040,CACO-2
10041,RT4
10042,CACO-2
10043,PC-3
10044,RT4
10045,HeLa
10046,RT4
10047,RT4
10048,RT4
10049,PC-3
10050,HEK 293
10051,RT4
10052,CACO-2
10053,HEK 293
10054,MCF7
10055,CACO-2
10056,A549
10057,RT4
10058,RT4
10059,CACO-2
10060,RT4
10061,U-2 OS
10062,MCF7
10063,CACO-2
10064,PC-3
10065,PC-3
10066,CACO-2
10067,MCF7
10068,RT4
10069,RT4
10070,RT4
10071,PC-3
10072,RT4
10073,MCF7
10074,RT4
10075,MCF7
10076,RT4
10077,RT4
10078,U-251 MG
10079,RT4
10080,RT4
10081,RT4
10082,RT4
10083,RT4
10084,RT4
10085,CACO-2
10086,MCF7
10087,RT4
10088,MCF7
10089,MCF7
10090,RT4
10091,RT4
10092,MCF7
10093,CACO-2
10094,HEK 293
10095,MCF7
10096,CACO-2
10097,HEK 293
10098,RT4
10099,MCF7
10100,RT4
10101,PC-3
10102,U-2 OS
10103,RT4
10104,MCF7
10105,CACO-2
10106,HEK 293
10107,U-2 OS
10108,RT4
10109,CACO-2
10110,A549
10111,MCF7
10112,MCF7
10113,CACO-2
10114,U-251 MG
10115,CACO-2
10116,RT4
10117,RT4
10118,RT4
10119,U-2 OS
10120,MCF7
10121,HEK 293
10122,HEK 293
10123,RT4
10124,RT4
10125,CACO-2
10126,CACO-2
10127,CACO-2
10128,RT4
10129,RT4
10130,HEK 293
10131,MCF7
10132,MCF7
10133,U-251 MG
10134,MCF7
10135,HeLa
10136,MCF7
10137,RT4
10138,CACO-2
10139,U-2 OS
10140,HEK 293
10141,U-251 MG
10142,A549
10143,RT4
10144,CACO-2
10145,HEK 293
10146,RT4
10147,RT4
10148,HeLa
10149,PC-3
10150,PC-3
10151,PC-3
10152,MCF7
10153,RT4
10154,RT4
10155,RT4
10156,HEK 293
10157,RT4
10158,RT4
10159,MCF7
10160,RT4
10161,RT4
10162,A549
10163,MCF7
10164,MCF7
10165,MCF7
10166,A549
10167,RT4
10168,RT4
10169,MCF7
10170,U-251 MG
10171,HEK 293
10172,PC-3
10173,RT4
10174,RT4
10175,RT4
10176,U-2 OS
10177,RT4
10178,RT4
10179,HeLa
10180,PC-3
10181,MCF7
10182,PC-3
10183,MCF7
10184,HEK 293
10185,RT4
10186,A549
10187,RT4
10188,CACO-2
10189,RT4
10190,RT4
10191,RT4
10192,PC-3
10193,HEK 293
10194,CACO-2
10195,U-2 OS
10196,A549
10197,RT4
10198,RT4
10199,RT4
10200,HEK 293
10201,RT4
10202,RT4
10203,HeLa
10204,U-2 OS
10205,MCF7
10206,MCF7
10207,MCF7
10208,RT4
10209,RT4
10210,CACO-2
10211,U-2 OS
10212,RT4
10213,U-251 MG
10214,RT4
10215,CACO-2
10216,RT4
10217,RT4
10218,RT4
10219,U-251 MG
10220,MCF7
10221,RT4
10222,RT4
10223,RT4
10224,RT4
10225,PC-3
10226,PC-3
10227,CACO-2
10228,RT4
10229,HEK 293
10230,U-251 MG
10231,PC-3
10232,HEK 293
10233,RT4
10234,CACO-2
10235,RT4
10236,RT4
10237,RT4
10238,CACO-2
10239,U-2 OS
10240,HEK 293
10241,CACO-2
10242,MCF7
10243,RT4
10244,MCF7
10245,RT4
10246,HeLa
10247,RT4
10248,RT4
10249,RT4
10250,U-251 MG
10251,A549
10252,HEK 293
10253,RT4
10254,A549
10255,CACO-2
10256,RT4
10257,CACO-2
10258,U-251 MG
10259,U-251 MG
10260,HEK 293
10261,MCF7
10262,PC-3
10263,HEK 293
10264,CACO-2
10265,RT4
10266,RT4
10267,RT4
10268,RT4
10269,CACO-2
10270,RT4
10271,RT4
10272,MCF7
10273,RT4
10274,CACO-2
10275,U-2 OS
10276,PC-3
10277,U-2 OS
10278,HEK 293
10279,CACO-2
10280,RT4
10281,CACO-2
10282,RT4
10283,CACO-2
10284,CACO-2
10285,RT4
10286,PC-3
10287,CACO-2
10288,MCF7
10289,MCF7
10290,U-2 OS
10291,RT4
10292,RT4
10293,HEK 293
10294,MCF7
10295,RT4
10296,HEK 293
10297,RT4
10298,HEK 293
10299,RT4
10300,HEK 293
10301,MCF7
10302,RT4
10303,RT4
10304,RT4
10305,RT4
10306,MCF7
10307,RT4
10308,RT4
10309,CACO-2
10310,U-2 OS
10311,RT4
10312,CACO-2
10313,CACO-2
10314,RT4
10315,HEK 293
10316,RT4
10317,HEK 293
10318,U-251 MG
10319,PC-3
10320,HEK 293
10321,RT4
10322,CACO-2
10323,RT4
10324,PC-3
10325,CACO-2
10326,RT4
10327,A549
10328,HeLa
10329,PC-3
10330,MCF7
10331,PC-3
10332,HEK 293
10333,MCF7
10334,A549
10335,RT4
10336,U-251 MG
10337,A549
10338,CACO-2
10339,CACO-2
10340,MCF7
10341,RT4
10342,RT4
10343,CACO-2
10344,RT4
10345,RT4
10346,RT4
10347,RT4
10348,RT4
10349,HEK 293
10350,RT4
10351,U-2 OS
10352,RT4
10353,RT4
10354,RT4
10355,A549
10356,RT4
10357,RT4
10358,HEK 293
10359,RT4
10360,U-2 OS
10361,RT4
10362,U-251 MG
10363,MCF7
10364,RT4
10365,RT4
10366,CACO-2
10367,MCF7
10368,PC-3
10369,HeLa
10370,RT4
10371,CACO-2
10372,HEK 293
10373,RT4
10374,RT4
10375,U-251 MG
10376,CACO-2
10377,CACO-2
10378,CACO-2
10379,RT4
10380,PC-3
10381,RT4
10382,RT4
10383,RT4
10384,RT4
10385,RT4
10386,MCF7
10387,MCF7
10388,MCF7
10389,CACO-2
10390,RT4
10391,CACO-2
10392,RT4
10393,RT4
10394,CACO-2
10395,RT4
10396,CACO-2
10397,HEK 293
10398,RT4
10399,RT4
10400,CACO-2
10401,U-2 OS
10402,CACO-2
10403,U-251 MG
10404,CACO-2
10405,RT4
10406,PC-3
10407,U-251 MG
10408,U-2 OS
10409,RT4
10410,MCF7
10411,RT4
10412,RT4
10413,MCF7
10414,PC-3
10415,U-2 OS
10416,RT4
10417,U-2 OS
10418,RT4
10419,CACO-2
10420,HEK 293
10421,CACO-2
10422,RT4
10423,CACO-2
10424,RT4
10425,CACO-2
10426,A549
10427,MCF7
10428,RT4
10429,HEK 293
10430,RT4
10431,U-251 MG
10432,CACO-2
10433,HEK 293
10434,CACO-2
10435,U-2 OS
10436,RT4
10437,HEK 293
10438,RT4
10439,MCF7
10440,RT4
10441,MCF7
10442,MCF7
10443,U-251 MG
10444,HEK 293
10445,A549
10446,RT4
10447,U-2 OS
10448,RT4
10449,RT4
10450,RT4
10451,HEK 293
10452,A549
10453,CACO-2
10454,U-2 OS
10455,HeLa
10456,RT4
10457,CACO-2
10458,U-251 MG
10459,RT4
10460,PC-3
10461,RT4
10462,RT4
10463,RT4
10464,HEK 293
10465,RT4
10466,U-251 MG
10467,HEK 293
10468,U-2 OS
10469,U-2 OS
10470,MCF7
10471,CACO-2
10472,HeLa
10473,U-2 OS
10474,PC-3
10475,RT4
10476,RT4
10477,RT4
10478,CACO-2
10479,RT4
10480,CACO-2
10481,HeLa
10482,MCF7
10483,U-2 OS
10484,CACO-2
10485,RT4
10486,MCF7
10487,PC-3
10488,U-2 OS
10489,HEK 293
10490,PC-3
10491,A549
10492,RT4
10493,CACO-2
10494,A549
10495,CACO-2
10496,RT4
10497,PC-3
10498,U-2 OS
10499,U-2 OS
10500,RT4
10501,RT4
10502,PC-3
10503,RT4
10504,PC-3
10505,A549
10506,U-251 MG
10507,RT4
10508,HeLa
10509,HEK 293
10510,A549
10511,RT4
10512,U-251 MG
10513,RT4
10514,CACO-2
10515,RT4
10516,CACO-2
10517,HeLa
10518,RT4
10519,RT4
10520,RT4
10521,CACO-2
10522,U-251 MG
10523,CACO-2
10524,HEK 293
10525,RT4
10526,CACO-2
10527,A549
10528,MCF7
10529,RT4
10530,CACO-2
10531,CACO-2
10532,MCF7
10533,RT4
10534,CACO-2
10535,MCF7
10536,RT4
10537,A549
10538,RT4
10539,CACO-2
10540,RT4
10541,RT4
10542,CACO-2
10543,PC-3
10544,A549
10545,HEK 293
10546,PC-3
10547,RT4
10548,RT4
10549,RT4
10550,RT4
10551,U-251 MG
10552,PC-3
10553,MCF7
10554,RT4
10555,RT4
10556,HEK 293
10557,RT4
10558,MCF7
10559,A549
10560,RT4
10561,CACO-2
10562,RT4
10563,RT4
10564,CACO-2
10565,HEK 293
10566,CACO-2
10567,RT4
10568,U-2 OS
10569,RT4
10570,MCF7
10571,RT4
10572,RT4
10573,CACO-2
10574,MCF7
10575,MCF7
10576,MCF7
10577,U-2 OS
10578,MCF7
10579,CACO-2
10580,CACO-2
10581,U-251 MG
10582,HeLa
10583,CACO-2
10584,RT4
10585,CACO-2
10586,A549
10587,A549
10588,MCF7
10589,A549
10590,MCF7
10591,RT4
10592,RT4
10593,RT4
10594,RT4
10595,MCF7
10596,CACO-2
10597,CACO-2
10598,MCF7
10599,CACO-2
10600,HeLa
10601,PC-3
10602,RT4
10603,RT4
10604,RT4
10605,RT4
10606,RT4
10607,HeLa
10608,RT4
10609,MCF7
10610,CACO-2
10611,RT4
10612,RT4
10613,MCF7
10614,RT4
10615,MCF7
10616,PC-3
10617,PC-3
10618,RT4
10619,U-2 OS
10620,U-2 OS
10621,RT4
10622,CACO-2
10623,RT4
10624,U-2 OS
10625,PC-3
10626,RT4
10627,CACO-2
10628,U-251 MG
10629,CACO-2
10630,HEK 293
10631,CACO-2
10632,RT4
10633,RT4
10634,RT4
10635,RT4
10636,CACO-2
10637,RT4
10638,RT4
10639,PC-3
10640,CACO-2
10641,PC-3
10642,RT4
10643,HEK 293
10644,MCF7
10645,RT4
10646,U-251 MG
10647,U-251 MG
10648,MCF7
10649,RT4
10650,MCF7
10651,RT4
10652,PC-3
10653,CACO-2
10654,RT4
10655,U-2 OS
10656,RT4
10657,CACO-2
10658,RT4
10659,CACO-2
10660,PC-3
10661,U-2 OS
10662,RT4
10663,PC-3
10664,A549
10665,CACO-2
10666,MCF7
10667,HeLa
10668,RT4
10669,RT4
10670,RT4
10671,HEK 293
10672,HEK 293
10673,CACO-2
10674,HeLa
10675,RT4
10676,U-2 OS
10677,U-251 MG
10678,CACO-2
10679,RT4
10680,MCF7
10681,A549
10682,CACO-2
10683,RT4
10684,U-251 MG
10685,HEK 293
10686,MCF7
10687,CACO-2
10688,MCF7
10689,CACO-2
10690,MCF7
10691,RT4
10692,RT4
10693,MCF7
10694,MCF7
10695,PC-3
10696,U-2 OS
10697,CACO-2
10698,RT4
10699,HEK 293
10700,RT4
10701,U-2 OS
10702,HEK 293
10703,RT4
10704,HEK 293
10705,HEK 293
10706,PC-3
10707,RT4
10708,RT4
10709,RT4
10710,U-251 MG
10711,U-2 OS
10712,A549
10713,U-251 MG
10714,MCF7
10715,RT4
10716,U-251 MG
10717,RT4
10718,U-2 OS
10719,A549
10720,RT4
10721,HEK 293
10722,RT4
10723,HeLa
10724,U-251 MG
10725,RT4
10726,RT4
10727,RT4
10728,PC-3
10729,RT4
10730,RT4
10731,U-251 MG
10732,U-251 MG
10733,MCF7
10734,RT4
10735,CACO-2
10736,RT4
10737,HEK 293
10738,RT4
10739,HEK 293
10740,RT4
10741,RT4
10742,RT4
10743,CACO-2
10744,RT4
10745,HEK 293
10746,RT4
10747,HEK 293
10748,RT4
10749,U-251 MG
10750,HEK 293
10751,HeLa
10752,RT4
10753,RT4
10754,CACO-2
10755,HEK 293
10756,RT4
10757,MCF7
10758,U-2 OS
10759,RT4
10760,RT4
10761,CACO-2
10762,HEK 293
10763,MCF7
10764,MCF7
10765,U-2 OS
10766,A549
10767,MCF7
10768,RT4
10769,HEK 293
10770,HEK 293
10771,CACO-2
10772,RT4
10773,RT4
10774,MCF7
10775,HEK 293
10776,RT4
10777,U-251 MG
10778,RT4
10779,PC-3
10780,RT4
10781,MCF7
10782,HEK 293
10783,A549
10784,HEK 293
10785,PC-3
10786,MCF7
10787,MCF7
10788,RT4
10789,RT4
10790,HeLa
10791,CACO-2
10792,RT4
10793,MCF7
10794,PC-3
10795,RT4
10796,MCF7
10797,MCF7
10798,U-2 OS
10799,RT4
10800,RT4
10801,MCF7
10802,RT4
10803,RT4
10804,RT4
10805,MCF7
10806,RT4
10807,RT4
10808,RT4
10809,CACO-2
10810,RT4
10811,A549
10812,U-251 MG
10813,U-251 MG
10814,RT4
10815,PC-3
10816,U-251 MG
10817,MCF7
10818,CACO-2
10819,RT4
10820,RT4
10821,RT4
10822,RT4
10823,U-251 MG
10824,PC-3
10825,RT4
10826,MCF7
10827,U-2 OS
10828,CACO-2
10829,MCF7
10830,PC-3
10831,MCF7
10832,RT4
10833,RT4
10834,RT4
10835,RT4
10836,RT4
10837,RT4
10838,CACO-2
10839,MCF7
10840,RT4
10841,RT4
10842,RT4
10843,U-251 MG
10844,MCF7
10845,MCF7
10846,MCF7
10847,MCF7
10848,MCF7
10849,MCF7
10850,MCF7
10851,RT4
10852,RT4
10853,PC-3
10854,MCF7
10855,CACO-2
10856,RT4
10857,HeLa
10858,PC-3
10859,HeLa
10860,RT4
10861,MCF7
10862,MCF7
10863,CACO-2
10864,RT4
10865,RT4
10866,HEK 293
10867,RT4
10868,CACO-2
10869,HEK 293
10870,PC-3
10871,MCF7
10872,HEK 293
10873,RT4
10874,U-251 MG
10875,CACO-2
10876,MCF7
10877,CACO-2
10878,MCF7
10879,MCF7
10880,A549
10881,MCF7
10882,PC-3
10883,CACO-2
10884,PC-3
10885,HeLa
10886,HeLa
10887,CACO-2
10888,RT4
10889,CACO-2
10890,RT4
10891,CACO-2
10892,CACO-2
10893,RT4
10894,RT4
10895,HEK 293
10896,PC-3
10897,CACO-2
10898,CACO-2
10899,U-251 MG
10900,U-2 OS
10901,RT4
10902,PC-3
10903,RT4
10904,U-251 MG
10905,CACO-2
10906,CACO-2
10907,RT4
10908,RT4
10909,RT4
10910,RT4
10911,HEK 293
10912,RT4
10913,RT4
10914,MCF7
10915,CACO-2
10916,U-2 OS
10917,RT4
10918,RT4
10919,CACO-2
10920,HEK 293
10921,RT4
10922,PC-3
10923,U-251 MG
10924,HEK 293
10925,RT4
10926,MCF7
10927,HEK 293
10928,MCF7
10929,HEK 293
10930,U-251 MG
10931,MCF7
10932,RT4
10933,HEK 293
10934,HeLa
10935,U-2 OS
10936,U-251 MG
10937,A549
10938,U-2 OS
10939,RT4
10940,HEK 293
10941,RT4
10942,RT4
10943,RT4
10944,HeLa
10945,MCF7
10946,PC-3
10947,HEK 293
10948,RT4
10949,RT4
10950,HEK 293
10951,HEK 293
10952,HEK 293
10953,RT4
10954,U-251 MG
10955,PC-3
10956,HeLa
10957,RT4
10958,U-2 OS
10959,A549
10960,A549
10961,RT4
10962,U-251 MG
10963,RT4
10964,RT4
10965,RT4
10966,HEK 293
10967,CACO-2
10968,CACO-2
10969,RT4
10970,RT4
10971,RT4
10972,CACO-2
10973,RT4
10974,PC-3
10975,HeLa
10976,CACO-2
10977,U-251 MG
10978,CACO-2
10979,HeLa
10980,MCF7
10981,MCF7
10982,CACO-2
10983,RT4
10984,CACO-2
10985,CACO-2
10986,HEK 293
10987,HeLa
10988,U-251 MG
10989,U-2 OS
10990,CACO-2
10991,RT4
10992,RT4
10993,MCF7
10994,MCF7
10995,RT4
10996,RT4
10997,RT4
10998,MCF7
10999,RT4
11000,RT4
11001,CACO-2
11002,HEK 293
11003,RT4
11004,CACO-2
11005,RT4
11006,CACO-2
11007,HeLa
11008,HEK 293
11009,RT4
11010,CACO-2
11011,RT4
11012,RT4
11013,RT4
11014,U-2 OS
11015,PC-3
11016,MCF7
11017,RT4
11018,RT4
11019,RT4
11020,CACO-2
11021,PC-3
11022,RT4
11023,RT4
11024,CACO-2
11025,U-251 MG
11026,CACO-2
11027,RT4
11028,PC-3
11029,CACO-2
11030,RT4
11031,RT4
11032,MCF7
11033,MCF7
11034,RT4
11035,MCF7
11036,RT4
11037,MCF7
11038,RT4
11039,CACO-2
11040,PC-3
11041,RT4
11042,RT4
11043,MCF7
11044,CACO-2
11045,CACO-2
11046,RT4
11047,RT4
11048,HEK 293
11049,MCF7
11050,CACO-2
11051,MCF7
11052,A549
11053,RT4
11054,MCF7
11055,MCF7
11056,RT4
11057,HEK 293
11058,HEK 293
11059,RT4
11060,HEK 293
11061,MCF7
11062,CACO-2
11063,CACO-2
11064,RT4
11065,CACO-2
11066,RT4
11067,HEK 293
11068,HEK 293
11069,PC-3
11070,CACO-2
11071,CACO-2
11072,CACO-2
11073,MCF7
11074,U-251 MG
11075,MCF7
11076,RT4
11077,RT4
11078,RT4
11079,CACO-2
11080,RT4
11081,CACO-2
11082,RT4
11083,PC-3
11084,HEK 293
11085,RT4
11086,CACO-2
11087,RT4
11088,HeLa
11089,PC-3
11090,HeLa
11091,HEK 293
11092,MCF7
11093,CACO-2
11094,HEK 293
11095,MCF7
11096,RT4
11097,HEK 293
11098,U-2 OS
11099,RT4
11100,HeLa
11101,MCF7
11102,RT4
11103,HEK 293
11104,A549
11105,HEK 293
11106,RT4
11107,HeLa
11108,RT4
11109,HEK 293
11110,MCF7
11111,PC-3
11112,RT4
11113,U-2 OS
11114,MCF7
11115,MCF7
11116,MCF7
11117,CACO-2
11118,RT4
11119,CACO-2
11120,RT4
11121,PC-3
11122,RT4
11123,RT4
11124,RT4
11125,RT4
11126,MCF7
11127,RT4
11128,RT4
11129,PC-3
11130,U-251 MG
11131,CACO-2
11132,RT4
11133,HEK 293
11134,RT4
11135,RT4
11136,RT4
11137,MCF7
11138,MCF7
11139,HEK 293
11140,MCF7
11141,HEK 293
11142,MCF7
11143,RT4
11144,RT4
11145,HeLa
11146,CACO-2
11147,RT4
11148,RT4
11149,A549
11150,MCF7
11151,RT4
11152,RT4
11153,HEK 293
11154,RT4
11155,U-251 MG
11156,RT4
11157,HEK 293
11158,RT4
11159,CACO-2
11160,U-2 OS
11161,HEK 293
11162,CACO-2
11163,CACO-2
11164,CACO-2
11165,RT4
11166,RT4
11167,U-251 MG
11168,RT4
11169,MCF7
11170,RT4
11171,HEK 293
11172,RT4
11173,RT4
11174,MCF7
11175,PC-3
11176,CACO-2
11177,CACO-2
11178,RT4
11179,HeLa
11180,CACO-2
11181,RT4
11182,PC-3
11183,MCF7
11184,RT4
11185,HEK 293
11186,HEK 293
11187,MCF7
11188,MCF7
11189,RT4
11190,PC-3
11191,CACO-2
11192,PC-3
11193,U-2 OS
11194,RT4
11195,U-2 OS
11196,RT4
11197,CACO-2
11198,MCF7
11199,HEK 293
11200,A549
11201,RT4
11202,U-251 MG
11203,RT4
11204,HEK 293
11205,A549
11206,HEK 293
11207,U-2 OS
11208,RT4
11209,A549
11210,RT4
11211,HEK 293
11212,RT4
11213,MCF7
11214,U-251 MG
11215,CACO-2
11216,MCF7
11217,RT4
11218,MCF7
11219,MCF7
11220,RT4
11221,RT4
11222,RT4
11223,HEK 293
11224,MCF7
11225,U-2 OS
11226,A549
11227,A549
11228,U-251 MG
11229,HeLa
11230,HeLa
11231,RT4
11232,PC-3
11233,HEK 293
11234,U-2 OS
11235,PC-3
11236,HEK 293
11237,RT4
11238,MCF7
11239,HEK 293
11240,RT4
11241,CACO-2
11242,RT4
11243,RT4
11244,MCF7
11245,RT4
11246,RT4
11247,HeLa
11248,RT4
11249,U-2 OS
11250,RT4
11251,HEK 293
11252,CACO-2
11253,MCF7
11254,RT4
11255,A549
11256,MCF7
11257,RT4
11258,RT4
11259,RT4
11260,RT4
11261,U-2 OS
11262,RT4
11263,RT4
11264,MCF7
11265,MCF7
11266,RT4
11267,RT4
11268,CACO-2
11269,CACO-2
11270,RT4
11271,HeLa
11272,CACO-2
11273,RT4
11274,RT4
11275,CACO-2
11276,A549
11277,U-2 OS
11278,RT4
11279,RT4
11280,RT4
11281,RT4
11282,RT4
11283,U-2 OS
11284,RT4
11285,HEK 293
11286,RT4
11287,RT4
11288,RT4
11289,HEK 293
11290,RT4
11291,CACO-2
11292,RT4
11293,RT4
11294,HEK 293
11295,HEK 293
11296,RT4
11297,CACO-2
11298,U-2 OS
11299,RT4
11300,RT4
11301,RT4
11302,U-2 OS
11303,MCF7
11304,RT4
11305,U-2 OS
11306,CACO-2
11307,CACO-2
11308,HEK 293
11309,CACO-2
11310,HeLa
11311,RT4
11312,MCF7
11313,RT4
11314,MCF7
11315,RT4
11316,CACO-2
11317,MCF7
11318,PC-3
11319,MCF7
11320,MCF7
11321,RT4
11322,RT4
11323,HEK 293
11324,MCF7
11325,CACO-2
11326,HEK 293
11327,CACO-2
11328,RT4
11329,RT4
11330,PC-3
11331,MCF7
11332,MCF7
11333,RT4
11334,U-251 MG
11335,MCF7
11336,CACO-2
11337,RT4
11338,RT4
11339,A549
11340,RT4
11341,U-251 MG
11342,CACO-2
11343,CACO-2
11344,HEK 293
11345,CACO-2
11346,HEK 293
11347,RT4
11348,PC-3
11349,U-2 OS
11350,U-2 OS
11351,CACO-2
11352,U-251 MG
11353,PC-3
11354,MCF7
11355,HEK 293
11356,MCF7
11357,RT4
11358,RT4
11359,PC-3
11360,HEK 293
11361,RT4
11362,RT4
11363,RT4
11364,RT4
11365,RT4
11366,CACO-2
11367,CACO-2
11368,U-251 MG
11369,RT4
11370,U-2 OS
11371,RT4
11372,HeLa
11373,RT4
11374,U-251 MG
11375,RT4
11376,RT4
11377,HEK 293
11378,HEK 293
11379,RT4
11380,RT4
11381,RT4
11382,RT4
11383,HEK 293
11384,RT4
11385,PC-3
11386,U-2 OS
11387,U-2 OS
11388,A549
11389,CACO-2
11390,MCF7
11391,CACO-2
11392,CACO-2
11393,PC-3
11394,RT4
11395,HEK 293
11396,U-2 OS
11397,CACO-2
11398,CACO-2
11399,HEK 293
11400,RT4
11401,RT4
11402,U-251 MG
11403,CACO-2
11404,HEK 293
11405,U-251 MG
11406,CACO-2
11407,RT4
11408,HeLa
11409,RT4
11410,A549
11411,CACO-2
11412,CACO-2
11413,CACO-2
11414,U-2 OS
11415,HeLa
11416,RT4
11417,A549
11418,U-251 MG
11419,CACO-2
11420,HEK 293
11421,CACO-2
11422,RT4
11423,RT4
11424,RT4
11425,HEK 293
11426,RT4
11427,RT4
11428,HEK 293
11429,RT4
11430,HEK 293
11431,HEK 293
11432,CACO-2
11433,HEK 293
11434,CACO-2
11435,HEK 293
11436,RT4
11437,RT4
11438,A549
11439,MCF7
11440,U-2 OS
11441,MCF7
11442,CACO-2
11443,RT4
11444,HEK 293
11445,HeLa
11446,U-251 MG
11447,MCF7
11448,RT4
11449,CACO-2
11450,PC-3
11451,PC-3
11452,RT4
11453,RT4
11454,PC-3
11455,HEK 293
11456,RT4
11457,HEK 293
11458,RT4
11459,MCF7
11460,HeLa
11461,U-2 OS
11462,CACO-2
11463,U-251 MG
11464,HEK 293
11465,U-251 MG
11466,RT4
11467,RT4
11468,RT4
11469,RT4
11470,PC-3
11471,RT4
11472,RT4
11473,HEK 293
11474,RT4
11475,RT4
11476,CACO-2
11477,RT4
11478,MCF7
11479,CACO-2
11480,CACO-2
11481,CACO-2
11482,RT4
11483,U-251 MG
11484,RT4
11485,RT4
11486,CACO-2
11487,U-251 MG
11488,CACO-2
11489,CACO-2
11490,CACO-2
11491,HeLa
11492,RT4
11493,HEK 293
11494,A549
11495,PC-3
11496,A549
11497,RT4
11498,RT4
11499,CACO-2
11500,MCF7
11501,RT4
11502,CACO-2
11503,RT4
11504,CACO-2
11505,PC-3
11506,U-2 OS
11507,MCF7
11508,RT4
11509,RT4
11510,RT4
11511,CACO-2
11512,U-251 MG
11513,U-251 MG
11514,U-251 MG
11515,RT4
11516,RT4
11517,MCF7
11518,RT4
11519,PC-3
11520,RT4
11521,HEK 293
11522,CACO-2
11523,RT4
11524,RT4
11525,RT4
11526,RT4
11527,U-251 MG
11528,CACO-2
11529,RT4
11530,RT4
11531,CACO-2
11532,RT4
11533,A549
11534,A549
11535,CACO-2
11536,CACO-2
11537,RT4
11538,RT4
11539,A549
11540,CACO-2
11541,A549
11542,RT4
11543,PC-3
11544,HEK 293
11545,RT4
11546,MCF7
11547,CACO-2
11548,U-251 MG
11549,U-251 MG
11550,RT4
11551,RT4
11552,U-251 MG
11553,RT4
11554,CACO-2
11555,MCF7
11556,RT4
11557,RT4
11558,RT4
11559,RT4
11560,A549
11561,MCF7
11562,MCF7
11563,MCF7
11564,MCF7
11565,U-251 MG
11566,MCF7
11567,MCF7
11568,RT4
11569,RT4
11570,MCF7
11571,RT4
11572,RT4
11573,RT4
11574,HEK 293
11575,RT4
11576,HEK 293
11577,HEK 293
11578,MCF7
11579,RT4
11580,HEK 293
11581,HEK 293
11582,RT4
11583,U-2 OS
11584,RT4
11585,MCF7
11586,CACO-2
11587,RT4
11588,HEK 293
11589,HeLa
11590,RT4
11591,A549
11592,HEK 293
11593,RT4
11594,HEK 293
11595,RT4
11596,RT4
11597,U-251 MG
11598,MCF7
11599,RT4
11600,RT4
11601,RT4
11602,MCF7
11603,RT4
11604,CACO-2
11605,PC-3
11606,RT4
11607,U-251 MG
11608,U-251 MG
11609,MCF7
11610,RT4
11611,CACO-2
11612,HeLa
11613,U-251 MG
11614,RT4
11615,RT4
11616,MCF7
11617,RT4
11618,HEK 293
11619,CACO-2
11620,RT4
11621,U-251 MG
11622,CACO-2
11623,MCF7
11624,MCF7
11625,HEK 293
11626,RT4
11627,RT4
11628,HEK 293
11629,CACO-2
11630,MCF7
11631,MCF7
11632,RT4
11633,RT4
11634,MCF7
11635,PC-3
11636,RT4
11637,RT4
11638,A549
11639,HEK 293
11640,RT4
11641,CACO-2
11642,RT4
11643,U-2 OS
11644,A549
11645,RT4
11646,HEK 293
11647,U-2 OS
11648,CACO-2
11649,CACO-2
11650,MCF7
11651,RT4
11652,MCF7
11653,A549
11654,RT4
11655,A549
11656,MCF7
11657,HEK 293
11658,CACO-2
11659,U-2 OS
11660,RT4
11661,U-251 MG
11662,HeLa
11663,CACO-2
11664,MCF7
11665,RT4
11666,CACO-2
11667,RT4
11668,RT4
11669,U-2 OS
11670,CACO-2
11671,CACO-2
11672,RT4
11673,HeLa
11674,HeLa
11675,RT4
11676,RT4
11677,MCF7
11678,HEK 293
11679,MCF7
11680,RT4
11681,HEK 293
11682,HEK 293
11683,PC-3
11684,CACO-2
11685,RT4
11686,HEK 293
11687,MCF7
11688,RT4
11689,RT4
11690,CACO-2
11691,HEK 293
11692,RT4
11693,MCF7
11694,PC-3
11695,MCF7
11696,HEK 293
11697,PC-3
11698,MCF7
11699,RT4
11700,RT4
11701,RT4
11702,RT4
11703,RT4
11704,RT4
11705,MCF7
11706,MCF7
11707,RT4
11708,CACO-2
11709,HeLa
11710,RT4
11711,HeLa
11712,RT4
11713,RT4
11714,CACO-2
11715,RT4
11716,CACO-2
11717,HEK 293
11718,RT4
11719,RT4
11720,CACO-2
11721,HeLa
11722,CACO-2
11723,MCF7
11724,PC-3
11725,RT4
11726,U-251 MG
11727,U-2 OS
11728,CACO-2
11729,MCF7
11730,A549
11731,U-2 OS
11732,RT4
11733,PC-3
11734,U-2 OS
11735,RT4
11736,PC-3
11737,CACO-2
11738,RT4
11739,MCF7
11740,CACO-2
11741,U-251 MG
11742,U-2 OS
11743,A549
11744,CACO-2
11745,CACO-2
11746,HeLa
11747,HeLa
11748,RT4
11749,MCF7
11750,RT4
11751,CACO-2
11752,HEK 293
11753,CACO-2
11754,MCF7
11755,A549
11756,CACO-2
11757,MCF7
11758,MCF7
11759,U-2 OS
11760,HEK 293
11761,MCF7
11762,U-2 OS
11763,A549
11764,HeLa
11765,HEK 293
11766,U-2 OS
11767,U-251 MG
11768,RT4
11769,RT4
11770,HeLa
11771,RT4
11772,CACO-2
11773,HeLa
11774,MCF7
11775,HeLa
11776,CACO-2
11777,RT4
11778,RT4
11779,CACO-2
11780,MCF7
11781,MCF7
11782,RT4
11783,A549
11784,RT4
11785,HEK 293
11786,CACO-2
11787,RT4
11788,RT4
11789,RT4
11790,CACO-2
11791,U-251 MG
11792,RT4
11793,HEK 293
11794,U-2 OS
11795,RT4
11796,RT4
11797,CACO-2
11798,RT4
11799,HEK 293
11800,CACO-2
11801,CACO-2
11802,HEK 293
11803,PC-3
11804,CACO-2
11805,RT4
11806,HEK 293
11807,RT4
11808,HeLa
11809,A549
11810,RT4
11811,RT4
11812,U-2 OS
11813,RT4
11814,U-2 OS
11815,CACO-2
11816,RT4
11817,PC-3
11818,U-2 OS
11819,MCF7
11820,U-2 OS
11821,A549
11822,RT4
11823,U-251 MG
11824,RT4
11825,PC-3
11826,U-2 OS
11827,RT4
11828,RT4
11829,U-251 MG
11830,HeLa
11831,RT4
11832,RT4
11833,HEK 293
11834,RT4
11835,HEK 293
11836,CACO-2
11837,CACO-2
11838,CACO-2
11839,RT4
11840,RT4
11841,RT4
11842,CACO-2
11843,HeLa
11844,HEK 293
11845,RT4
11846,U-2 OS
11847,HeLa
11848,RT4
11849,RT4
11850,MCF7
11851,RT4
11852,RT4
11853,RT4
11854,CACO-2
11855,MCF7
11856,HEK 293
11857,MCF7
11858,U-2 OS
11859,RT4
11860,A549
11861,HeLa
11862,RT4
11863,MCF7
11864,CACO-2
11865,RT4
11866,RT4
11867,PC-3
11868,MCF7
11869,RT4
11870,HEK 293
11871,RT4
11872,MCF7
11873,U-251 MG
11874,RT4
11875,RT4
11876,RT4
11877,RT4
11878,MCF7
11879,HEK 293
11880,MCF7
11881,PC-3
11882,RT4
11883,MCF7
11884,CACO-2
11885,RT4
11886,RT4
11887,HEK 293
11888,HEK 293
11889,RT4
11890,RT4
11891,PC-3
11892,U-2 OS
11893,RT4
11894,RT4
11895,A549
11896,RT4
11897,U-2 OS
11898,HEK 293
11899,MCF7
11900,RT4
11901,RT4
11902,CACO-2
11903,RT4
11904,RT4
11905,MCF7
11906,CACO-2
11907,MCF7
11908,MCF7
11909,CACO-2
11910,PC-3
11911,MCF7
11912,PC-3
11913,PC-3
11914,U-2 OS
11915,HEK 293
11916,RT4
11917,PC-3
11918,RT4
11919,RT4
11920,MCF7
11921,PC-3
11922,HEK 293
11923,U-251 MG
11924,MCF7
11925,RT4
11926,MCF7
11927,RT4
11928,RT4
11929,RT4
11930,HEK 293
11931,RT4
11932,MCF7
11933,RT4
11934,HEK 293
11935,HeLa
11936,MCF7
11937,RT4
11938,HEK 293
11939,RT4
11940,A549
11941,RT4
11942,RT4
11943,HeLa
11944,CACO-2
11945,PC-3
11946,RT4
11947,U-251 MG
11948,HeLa
11949,RT4
11950,MCF7
11951,HEK 293
11952,RT4
11953,U-2 OS
11954,RT4
11955,MCF7
11956,RT4
11957,RT4
11958,RT4
11959,HEK 293
11960,PC-3
11961,HEK 293
11962,RT4
11963,CACO-2
11964,HEK 293
11965,U-2 OS
11966,U-2 OS
11967,CACO-2
11968,CACO-2
11969,CACO-2
11970,CACO-2
11971,RT4
11972,MCF7
11973,HEK 293
11974,RT4
11975,RT4
11976,U-251 MG
11977,HEK 293
11978,MCF7
11979,HEK 293
11980,RT4
11981,HeLa
11982,RT4
11983,CACO-2
11984,RT4
11985,CACO-2
11986,RT4
11987,RT4
11988,MCF7
11989,PC-3
11990,U-2 OS
11991,PC-3
11992,HEK 293
11993,RT4
11994,RT4
11995,CACO-2
11996,CACO-2
11997,PC-3
11998,RT4
11999,RT4
12000,HEK 293
12001,RT4
12002,HEK 293
12003,RT4
12004,U-2 OS
12005,RT4
12006,RT4
12007,RT4
12008,U-251 MG
12009,RT4
12010,MCF7
12011,U-2 OS
12012,RT4
12013,RT4
12014,HeLa
12015,MCF7
12016,U-2 OS
12017,CACO-2
12018,MCF7
12019,MCF7
12020,MCF7
12021,RT4
12022,HeLa
12023,CACO-2
12024,MCF7
12025,CACO-2
12026,RT4
12027,RT4
12028,HeLa
12029,HEK 293
12030,RT4
12031,RT4
12032,HEK 293
12033,CACO-2
12034,U-2 OS
12035,CACO-2
12036,MCF7
12037,RT4
12038,A549
12039,HEK 293
12040,A549
12041,HEK 293
12042,PC-3
12043,RT4
12044,MCF7
12045,CACO-2
12046,RT4
12047,PC-3
12048,CACO-2
12049,A549
12050,RT4
12051,CACO-2
12052,RT4
12053,MCF7
12054,U-2 OS
12055,RT4
12056,CACO-2
12057,CACO-2
12058,CACO-2
12059,RT4
12060,HEK 293
12061,MCF7
12062,RT4
12063,CACO-2
12064,HEK 293
12065,RT4
12066,U-251 MG
12067,U-251 MG
12068,CACO-2
12069,RT4
12070,RT4
12071,MCF7
12072,A549
12073,MCF7
12074,HEK 293
12075,RT4
12076,MCF7
12077,RT4
12078,RT4
12079,HEK 293
12080,CACO-2
12081,RT4
12082,RT4
12083,RT4
12084,U-2 OS
12085,PC-3
12086,RT4
12087,RT4
12088,MCF7
12089,HEK 293
12090,U-251 MG
12091,HeLa
12092,RT4
12093,PC-3
12094,RT4
12095,CACO-2
12096,RT4
12097,RT4
12098,MCF7
12099,CACO-2
12100,RT4
12101,PC-3
12102,HEK 293
12103,RT4
12104,MCF7
12105,RT4
12106,RT4
12107,RT4
12108,HeLa
12109,HeLa
12110,RT4
12111,CACO-2
12112,MCF7
12113,U-251 MG
12114,RT4
12115,HEK 293
12116,MCF7
12117,U-251 MG
12118,A549
12119,RT4
12120,CACO-2
12121,U-2 OS
12122,HeLa
12123,CACO-2
12124,RT4
12125,HEK 293
12126,RT4
12127,HeLa
12128,RT4
12129,RT4
12130,CACO-2
12131,MCF7
12132,HEK 293
12133,MCF7
12134,RT4
12135,HEK 293
12136,CACO-2
12137,HEK 293
12138,CACO-2
12139,PC-3
12140,RT4
12141,HEK 293
12142,CACO-2
12143,U-251 MG
12144,RT4
12145,HEK 293
12146,U-2 OS
12147,RT4
12148,CACO-2
12149,CACO-2
12150,CACO-2
12151,U-251 MG
12152,RT4
12153,MCF7
12154,RT4
12155,RT4
12156,MCF7
12157,PC-3
12158,RT4
12159,CACO-2
12160,A549
12161,RT4
12162,CACO-2
12163,CACO-2
12164,RT4
12165,A549
12166,MCF7
12167,PC-3
12168,PC-3
12169,U-2 OS
12170,RT4
12171,RT4
12172,MCF7
12173,RT4
12174,CACO-2
12175,MCF7
12176,RT4
12177,CACO-2
12178,HeLa
12179,RT4
12180,HEK 293
12181,RT4
12182,U-251 MG
12183,CACO-2
12184,U-251 MG
12185,RT4
12186,A549
12187,U-2 OS
12188,CACO-2
12189,RT4
12190,HEK 293
12191,CACO-2
12192,HEK 293
12193,CACO-2
12194,RT4
12195,MCF7
12196,RT4
12197,CACO-2
12198,A549
12199,MCF7
12200,RT4
12201,MCF7
12202,CACO-2
12203,HEK 293
12204,U-251 MG
12205,RT4
12206,HEK 293
12207,CACO-2
12208,RT4
12209,RT4
12210,U-251 MG
12211,PC-3
12212,A549
12213,CACO-2
12214,RT4
12215,CACO-2
12216,RT4
12217,CACO-2
12218,HEK 293
12219,MCF7
12220,MCF7
12221,RT4
12222,CACO-2
12223,RT4
12224,RT4
12225,MCF7
12226,HEK 293
12227,CACO-2
12228,CACO-2
12229,U-251 MG
12230,MCF7
12231,MCF7
12232,RT4
12233,CACO-2
12234,RT4
12235,CACO-2
12236,MCF7
12237,HEK 293
12238,RT4
12239,HEK 293
12240,MCF7
12241,RT4
12242,HEK 293
12243,CACO-2
12244,CACO-2
12245,U-2 OS
12246,MCF7
12247,HeLa
12248,RT4
12249,HEK 293
12250,MCF7
12251,RT4
12252,HEK 293
12253,RT4
12254,HEK 293
12255,RT4
12256,HEK 293
12257,CACO-2
12258,U-251 MG
12259,CACO-2
12260,HEK 293
12261,HeLa
12262,RT4
12263,RT4
12264,HEK 293
12265,RT4
12266,RT4
12267,CACO-2
12268,MCF7
12269,RT4
12270,U-251 MG
12271,U-251 MG
12272,RT4
12273,RT4
12274,CACO-2
12275,PC-3
12276,RT4
12277,CACO-2
12278,RT4
12279,PC-3
12280,RT4
12281,RT4
12282,A549
12283,U-2 OS
12284,CACO-2
12285,U-251 MG
12286,RT4
12287,CACO-2
12288,RT4
12289,RT4
12290,U-251 MG
12291,RT4
12292,HEK 293
12293,MCF7
12294,MCF7
12295,RT4
12296,RT4
12297,U-2 OS
12298,PC-3
12299,HEK 293
12300,U-251 MG
12301,HEK 293
12302,HeLa
12303,U-251 MG
12304,U-2 OS
12305,RT4
12306,U-2 OS
12307,RT4
12308,U-2 OS
12309,RT4
12310,RT4
12311,RT4
12312,RT4
12313,RT4
12314,RT4
12315,HeLa
12316,RT4
12317,HEK 293
12318,HEK 293
12319,MCF7
12320,MCF7
12321,HEK 293
12322,RT4
12323,HeLa
12324,RT4
12325,CACO-2
12326,RT4
12327,MCF7
12328,MCF7
12329,RT4
12330,MCF7
12331,A549
12332,U-2 OS
12333,CACO-2
12334,RT4
12335,U-251 MG
12336,CACO-2
12337,CACO-2
12338,HeLa
12339,CACO-2
12340,RT4
12341,HeLa
12342,MCF7
12343,A549
12344,MCF7
12345,MCF7
12346,MCF7
12347,CACO-2
12348,HEK 293
12349,PC-3
12350,MCF7
12351,CACO-2
12352,RT4
12353,CACO-2
12354,HEK 293
12355,U-251 MG
12356,MCF7
12357,CACO-2
12358,MCF7
12359,MCF7
12360,RT4
12361,RT4
12362,CACO-2
12363,RT4
12364,PC-3
12365,U-2 OS
12366,RT4
12367,RT4
12368,PC-3
12369,RT4
12370,CACO-2
12371,MCF7
12372,U-251 MG
12373,RT4
12374,MCF7
12375,U-2 OS
12376,HEK 293
12377,RT4
12378,RT4
12379,RT4
12380,HEK 293
12381,CACO-2
12382,RT4
12383,CACO-2
12384,RT4
12385,A549
12386,CACO-2
12387,A549
12388,A549
12389,RT4
12390,CACO-2
12391,RT4
12392,RT4
12393,RT4
12394,CACO-2
12395,PC-3
12396,MCF7
12397,RT4
12398,HeLa
12399,RT4
12400,PC-3
12401,RT4
12402,MCF7
12403,MCF7
12404,MCF7
12405,CACO-2
12406,MCF7
12407,CACO-2
12408,RT4
12409,HEK 293
12410,RT4
12411,HEK 293
12412,HEK 293
12413,HEK 293
12414,RT4
12415,RT4
12416,HeLa
12417,RT4
12418,U-251 MG
12419,MCF7
12420,RT4
12421,RT4
12422,HEK 293
12423,CACO-2
12424,U-2 OS
12425,HEK 293
12426,U-251 MG
12427,RT4
12428,CACO-2
12429,CACO-2
12430,U-2 OS
12431,U-2 OS
12432,RT4
12433,U-2 OS
12434,MCF7
12435,RT4
12436,RT4
12437,RT4
12438,U-2 OS
12439,A549
12440,MCF7
12441,RT4
12442,RT4
12443,CACO-2
12444,RT4
12445,RT4
12446,PC-3
12447,CACO-2
12448,RT4
12449,RT4
12450,CACO-2
12451,RT4
12452,HEK 293
12453,RT4
12454,HEK 293
12455,U-251 MG
12456,HEK 293
12457,RT4
12458,RT4
12459,MCF7
12460,RT4
12461,U-251 MG
12462,CACO-2
12463,HEK 293
12464,MCF7
12465,CACO-2
12466,CACO-2
12467,CACO-2
12468,MCF7
12469,MCF7
12470,RT4
12471,RT4
12472,RT4
12473,PC-3
12474,MCF7
12475,PC-3
12476,U-2 OS
12477,HeLa
12478,RT4
12479,CACO-2
12480,PC-3
12481,A549
12482,RT4
12483,MCF7
12484,A549
12485,HEK 293
12486,MCF7
12487,CACO-2
12488,CACO-2
12489,PC-3
12490,MCF7
12491,U-251 MG
12492,U-251 MG
12493,HeLa
12494,MCF7
12495,MCF7
12496,MCF7
12497,CACO-2
12498,MCF7
12499,CACO-2
12500,MCF7
12501,RT4
12502,RT4
12503,MCF7
12504,U-251 MG
12505,RT4
12506,HeLa
12507,HEK 293
12508,RT4
12509,RT4
12510,MCF7
12511,A549
12512,RT4
12513,CACO-2
12514,HEK 293
12515,MCF7
12516,MCF7
12517,CACO-2
12518,MCF7
12519,CACO-2
12520,RT4
12521,RT4
12522,CACO-2
12523,CACO-2
12524,HEK 293
12525,RT4
12526,HEK 293
12527,CACO-2
12528,CACO-2
12529,U-251 MG
12530,RT4
12531,PC-3
12532,A549
12533,RT4
12534,RT4
12535,RT4
12536,HEK 293
12537,HEK 293
12538,CACO-2
12539,RT4
12540,RT4
12541,RT4
12542,MCF7
12543,CACO-2
12544,A549
12545,RT4
12546,HEK 293
12547,CACO-2
12548,A549
12549,RT4
12550,RT4
12551,RT4
12552,CACO-2
12553,HEK 293
12554,RT4
12555,U-251 MG
12556,CACO-2
12557,MCF7
12558,CACO-2
12559,A549
12560,RT4
12561,RT4
12562,RT4
12563,HEK 293
12564,CACO-2
12565,CACO-2
12566,RT4
12567,MCF7
12568,RT4
12569,CACO-2
12570,CACO-2
12571,RT4
12572,U-2 OS
12573,HEK 293
12574,HEK 293
12575,RT4
12576,CACO-2
12577,U-251 MG
12578,CACO-2
12579,RT4
12580,MCF7
12581,CACO-2
12582,MCF7
12583,RT4
12584,HEK 293
12585,U-251 MG
12586,HeLa
12587,U-251 MG
12588,U-251 MG
12589,PC-3
12590,RT4
12591,U-251 MG
12592,RT4
12593,CACO-2
12594,MCF7
12595,RT4
12596,RT4
12597,RT4
12598,CACO-2
12599,PC-3
12600,HEK 293
12601,MCF7
12602,HEK 293
12603,HeLa
12604,MCF7
12605,CACO-2
12606,RT4
12607,CACO-2
12608,RT4
12609,CACO-2
12610,RT4
12611,CACO-2
12612,RT4
12613,U-251 MG
12614,RT4
12615,PC-3
12616,HeLa
12617,RT4
12618,CACO-2
12619,HEK 293
12620,RT4
12621,HEK 293
12622,RT4
12623,RT4
12624,HEK 293
12625,PC-3
12626,PC-3
12627,HeLa
12628,HEK 293
12629,CACO-2
12630,RT4
12631,CACO-2
12632,CACO-2
12633,RT4
12634,HEK 293
12635,CACO-2
12636,PC-3
12637,HEK 293
12638,RT4
12639,CACO-2
12640,U-2 OS
12641,MCF7
12642,RT4
12643,MCF7
12644,U-251 MG
12645,MCF7
12646,HeLa
12647,RT4
12648,MCF7
12649,HEK 293
12650,MCF7
12651,CACO-2
12652,CACO-2
12653,CACO-2
12654,U-251 MG
12655,U-2 OS
12656,RT4
12657,CACO-2
12658,CACO-2
12659,PC-3
12660,RT4
12661,RT4
12662,RT4
12663,RT4
12664,CACO-2
12665,RT4
12666,RT4
12667,RT4
12668,CACO-2
12669,RT4
12670,HEK 293
12671,PC-3
12672,PC-3
12673,RT4
12674,RT4
12675,MCF7
12676,MCF7
12677,RT4
12678,CACO-2
12679,HEK 293
12680,CACO-2
12681,CACO-2
12682,RT4
12683,RT4
12684,CACO-2
12685,RT4
12686,RT4
12687,RT4
12688,RT4
12689,U-251 MG
12690,HEK 293
12691,U-2 OS
12692,MCF7
12693,RT4
12694,HeLa
12695,RT4
12696,U-251 MG
12697,MCF7
12698,RT4
12699,CACO-2
12700,RT4
12701,RT4
12702,RT4
12703,RT4
12704,RT4
12705,RT4
12706,CACO-2
12707,RT4
12708,RT4
12709,RT4
12710,U-251 MG
12711,CACO-2
12712,HEK 293
12713,RT4
12714,HEK 293
12715,PC-3
12716,RT4
12717,HEK 293
12718,HeLa
12719,U-251 MG
12720,CACO-2
12721,MCF7
12722,A549
12723,RT4
12724,CACO-2
12725,RT4
12726,U-2 OS
12727,RT4
12728,RT4
12729,A549
12730,RT4
12731,RT4
12732,RT4
12733,CACO-2
12734,PC-3
12735,PC-3
12736,A549
12737,HEK 293
12738,MCF7
12739,U-2 OS
12740,U-2 OS
12741,U-2 OS
12742,RT4
12743,HEK 293
12744,CACO-2
12745,RT4
12746,RT4
12747,MCF7
12748,RT4
12749,CACO-2
12750,U-2 OS
12751,CACO-2
12752,MCF7
12753,A549
12754,RT4
12755,PC-3
12756,PC-3
12757,HEK 293
12758,RT4
12759,RT4
12760,MCF7
12761,RT4
12762,HEK 293
12763,HEK 293
12764,RT4
12765,HEK 293
12766,HEK 293
12767,RT4
12768,MCF7
12769,HEK 293
12770,RT4
12771,HEK 293
12772,MCF7
12773,MCF7
12774,U-2 OS
12775,A549
12776,RT4
12777,PC-3
12778,U-251 MG
12779,MCF7
12780,RT4
12781,RT4
12782,RT4
12783,RT4
12784,HeLa
12785,HEK 293
12786,RT4
12787,A549
12788,RT4
12789,RT4
12790,MCF7
12791,CACO-2
12792,RT4
12793,U-251 MG
12794,CACO-2
12795,RT4
12796,HEK 293
12797,RT4
12798,RT4
12799,U-251 MG
12800,RT4
12801,PC-3
12802,RT4
12803,A549
12804,RT4
12805,PC-3
12806,HEK 293
12807,RT4
12808,CACO-2
12809,RT4
12810,RT4
12811,CACO-2
12812,MCF7
12813,RT4
12814,CACO-2
12815,CACO-2
12816,HEK 293
12817,CACO-2
12818,HeLa
12819,MCF7
12820,HEK 293
12821,PC-3
12822,PC-3
12823,CACO-2
12824,RT4
12825,RT4
12826,RT4
12827,HEK 293
12828,MCF7
12829,CACO-2
12830,RT4
12831,HEK 293
12832,RT4
12833,RT4
12834,CACO-2
12835,MCF7
12836,A549
12837,PC-3
12838,RT4
12839,RT4
12840,PC-3
12841,RT4
12842,RT4
12843,U-2 OS
12844,RT4
12845,U-251 MG
12846,CACO-2
12847,MCF7
12848,PC-3
12849,MCF7
12850,RT4
12851,RT4
12852,MCF7
12853,CACO-2
12854,HEK 293
12855,HEK 293
12856,RT4
12857,CACO-2
12858,HEK 293
12859,RT4
12860,RT4
12861,A549
12862,HEK 293
12863,HEK 293
12864,RT4
12865,RT4
12866,A549
12867,RT4
12868,MCF7
12869,U-2 OS
12870,MCF7
12871,U-251 MG
12872,PC-3
12873,CACO-2
12874,RT4
12875,MCF7
12876,CACO-2
12877,MCF7
12878,CACO-2
12879,RT4
12880,RT4
12881,CACO-2
12882,HEK 293
12883,RT4
12884,MCF7
12885,HEK 293
12886,RT4
12887,CACO-2
12888,RT4
12889,CACO-2
12890,CACO-2
12891,U-2 OS
12892,MCF7
12893,PC-3
12894,MCF7
12895,MCF7
12896,HEK 293
12897,U-2 OS
12898,RT4
12899,CACO-2
12900,MCF7
12901,HEK 293
12902,CACO-2
12903,HEK 293
12904,CACO-2
12905,RT4
12906,HEK 293
12907,HEK 293
12908,U-251 MG
12909,PC-3
12910,RT4
12911,HEK 293
12912,CACO-2
12913,CACO-2
12914,RT4
12915,CACO-2
12916,MCF7
12917,A549
12918,PC-3
12919,A549
12920,MCF7
12921,RT4
12922,RT4
12923,MCF7
12924,RT4
12925,MCF7
12926,HeLa
12927,HEK 293
12928,CACO-2
12929,HeLa
12930,PC-3
12931,RT4
12932,HEK 293
12933,RT4
12934,RT4
12935,MCF7
12936,U-2 OS
12937,RT4
12938,U-251 MG
12939,RT4
12940,MCF7
12941,RT4
12942,RT4
12943,RT4
12944,RT4
12945,RT4
12946,RT4
12947,RT4
12948,CACO-2
12949,CACO-2
12950,RT4
12951,RT4
12952,RT4
12953,RT4
12954,RT4
12955,RT4
12956,HeLa
12957,HEK 293
12958,A549
12959,HEK 293
12960,HEK 293
12961,U-251 MG
12962,RT4
12963,RT4
12964,HEK 293
12965,MCF7
12966,RT4
12967,RT4
12968,HeLa
12969,CACO-2
12970,RT4
12971,MCF7
12972,PC-3
12973,PC-3
12974,RT4
12975,CACO-2
12976,MCF7
12977,RT4
12978,HeLa
12979,RT4
12980,RT4
12981,CACO-2
12982,PC-3
12983,RT4
12984,RT4
12985,RT4
12986,HEK 293
12987,RT4
12988,RT4
12989,RT4
12990,HEK 293
12991,U-2 OS
12992,PC-3
12993,RT4
12994,HEK 293
12995,A549
12996,CACO-2
12997,CACO-2
12998,HEK 293
12999,MCF7
13000,MCF7
13001,RT4
13002,CACO-2
13003,RT4
13004,RT4
13005,RT4
13006,RT4
13007,U-251 MG
13008,RT4
13009,RT4
13010,RT4
13011,A549
13012,RT4
13013,U-2 OS
13014,RT4
13015,CACO-2
13016,RT4
13017,MCF7
13018,CACO-2
13019,MCF7
13020,CACO-2
13021,U-251 MG
13022,RT4
13023,RT4
13024,CACO-2
13025,A549
13026,U-251 MG
13027,RT4
13028,HEK 293
13029,PC-3
13030,RT4
13031,RT4
13032,CACO-2
13033,RT4
13034,CACO-2
13035,HeLa
13036,MCF7
13037,RT4
13038,CACO-2
13039,HEK 293
13040,RT4
13041,HEK 293
13042,HEK 293
13043,MCF7
13044,MCF7
13045,RT4
13046,RT4
13047,RT4
13048,RT4
13049,RT4
13050,RT4
13051,MCF7
13052,MCF7
13053,RT4
13054,RT4
13055,MCF7
13056,MCF7
13057,U-251 MG
13058,RT4
13059,U-251 MG
13060,RT4
13061,MCF7
13062,RT4
13063,RT4
13064,PC-3
13065,A549
13066,U-2 OS
13067,HEK 293
13068,RT4
13069,CACO-2
13070,RT4
13071,RT4
13072,RT4
13073,MCF7
13074,CACO-2
13075,RT4
13076,CACO-2
13077,HEK 293
13078,U-2 OS
13079,RT4
13080,CACO-2
13081,A549
13082,CACO-2
13083,RT4
13084,HEK 293
13085,HEK 293
13086,MCF7
13087,PC-3
13088,U-251 MG
13089,RT4
13090,A549
13091,RT4
13092,RT4
13093,RT4
13094,RT4
13095,MCF7
13096,RT4
13097,HeLa
13098,A549
13099,RT4
13100,CACO-2
13101,MCF7
13102,RT4
13103,PC-3
13104,U-2 OS
13105,U-251 MG
13106,RT4
13107,U-2 OS
13108,U-251 MG
13109,U-2 OS
13110,HeLa
13111,HEK 293
13112,RT4
13113,U-2 OS
13114,HEK 293
13115,RT4
13116,PC-3
13117,U-251 MG
13118,HEK 293
13119,A549
13120,U-2 OS
13121,RT4
13122,RT4
13123,U-2 OS
13124,A549
13125,HEK 293
13126,RT4
13127,RT4
13128,RT4
13129,MCF7
13130,A549
13131,MCF7
13132,RT4
13133,CACO-2
13134,MCF7
13135,RT4
13136,CACO-2
13137,CACO-2
13138,RT4
13139,PC-3
13140,MCF7
13141,RT4
13142,HEK 293
13143,RT4
13144,U-251 MG
13145,CACO-2
13146,HEK 293
13147,RT4
13148,PC-3
13149,RT4
13150,MCF7
13151,RT4
13152,A549
13153,MCF7
13154,RT4
13155,MCF7
13156,RT4
13157,MCF7
13158,CACO-2
13159,HeLa
13160,RT4
13161,CACO-2
13162,CACO-2
13163,CACO-2
13164,MCF7
13165,CACO-2
13166,RT4
13167,HEK 293
13168,MCF7
13169,RT4
13170,CACO-2
13171,MCF7
13172,HEK 293
13173,RT4
13174,HEK 293
13175,CACO-2
13176,HEK 293
13177,RT4
13178,MCF7
13179,U-2 OS
13180,HEK 293
13181,MCF7
13182,CACO-2
13183,RT4
13184,RT4
13185,MCF7
13186,RT4
13187,CACO-2
13188,HEK 293
13189,MCF7
13190,MCF7
13191,RT4
13192,PC-3
13193,RT4
13194,RT4
13195,U-2 OS
13196,CACO-2
13197,PC-3
13198,CACO-2
13199,CACO-2
13200,RT4
13201,U-251 MG
13202,HEK 293
13203,MCF7
13204,CACO-2
13205,RT4
13206,HeLa
13207,MCF7
13208,CACO-2
13209,RT4
13210,RT4
13211,MCF7
13212,RT4
13213,U-251 MG
13214,U-2 OS
13215,RT4
13216,MCF7
13217,MCF7
13218,MCF7
13219,U-2 OS
13220,RT4
13221,RT4
13222,MCF7
13223,HEK 293
13224,HEK 293
13225,HEK 293
13226,RT4
13227,U-2 OS
13228,RT4
13229,HEK 293
13230,RT4
13231,RT4
13232,HEK 293
13233,MCF7
13234,A549
13235,CACO-2
13236,RT4
13237,CACO-2
13238,CACO-2
13239,RT4
13240,RT4
13241,RT4
13242,MCF7
13243,HEK 293
13244,CACO-2
13245,CACO-2
13246,RT4
13247,HEK 293
13248,PC-3
13249,HEK 293
13250,HEK 293
13251,MCF7
13252,RT4
13253,U-2 OS
13254,RT4
13255,CACO-2
13256,CACO-2
13257,CACO-2
13258,RT4
13259,PC-3
13260,HEK 293
13261,MCF7
13262,PC-3
13263,RT4
13264,A549
13265,PC-3
13266,HEK 293
13267,HeLa
13268,U-251 MG
13269,MCF7
13270,RT4
13271,PC-3
13272,RT4
13273,HEK 293
13274,U-251 MG
13275,MCF7
13276,MCF7
13277,MCF7
13278,CACO-2
13279,CACO-2
13280,PC-3
13281,HEK 293
13282,U-251 MG
13283,MCF7
13284,RT4
13285,HEK 293
13286,MCF7
13287,HeLa
13288,U-2 OS
13289,HEK 293
13290,RT4
13291,CACO-2
13292,RT4
13293,RT4
13294,U-251 MG
13295,RT4
13296,RT4
13297,U-2 OS
13298,MCF7
13299,HeLa
13300,RT4
13301,RT4
13302,RT4
13303,MCF7
13304,U-251 MG
13305,RT4
13306,U-2 OS
13307,CACO-2
13308,RT4
13309,U-251 MG
13310,U-2 OS
13311,RT4
13312,RT4
13313,RT4
13314,PC-3
13315,HEK 293
13316,MCF7
13317,RT4
13318,RT4
13319,U-2 OS
13320,CACO-2
13321,MCF7
13322,CACO-2
13323,PC-3
13324,RT4
13325,RT4
13326,CACO-2
13327,HeLa
13328,CACO-2
13329,U-251 MG
13330,RT4
13331,HeLa
13332,U-2 OS
13333,HEK 293
13334,CACO-2
13335,PC-3
13336,HEK 293
13337,RT4
13338,RT4
13339,U-2 OS
13340,RT4
13341,RT4
13342,RT4
13343,HEK 293
13344,RT4
13345,U-2 OS
13346,RT4
13347,RT4
13348,CACO-2
13349,U-2 OS
13350,RT4
13351,RT4
13352,RT4
13353,RT4
13354,HEK 293
13355,RT4
13356,HeLa
13357,A549
13358,RT4
13359,RT4
13360,MCF7
13361,MCF7
13362,CACO-2
13363,CACO-2
13364,RT4
13365,CACO-2
13366,RT4
13367,PC-3
13368,RT4
13369,MCF7
13370,RT4
13371,MCF7
13372,HEK 293
13373,U-251 MG
13374,MCF7
13375,U-2 OS
13376,RT4
13377,U-2 OS
13378,PC-3
13379,U-251 MG
13380,CACO-2
13381,RT4
13382,MCF7
13383,MCF7
13384,RT4
13385,PC-3
13386,RT4
13387,MCF7
13388,MCF7
13389,RT4
13390,U-2 OS
13391,U-251 MG
13392,HeLa
13393,HEK 293
13394,RT4
13395,RT4
13396,HEK 293
13397,HeLa
13398,PC-3
13399,HeLa
13400,CACO-2
13401,MCF7
13402,RT4
13403,RT4
13404,A549
13405,CACO-2
13406,RT4
13407,MCF7
13408,MCF7
13409,RT4
13410,RT4
13411,RT4
13412,MCF7
13413,CACO-2
13414,A549
13415,RT4
13416,RT4
13417,RT4
13418,MCF7
13419,RT4
13420,HEK 293
13421,CACO-2
13422,MCF7
13423,RT4
13424,RT4
13425,HEK 293
13426,RT4
13427,HeLa
13428,RT4
13429,PC-3
13430,RT4
13431,RT4
13432,RT4
13433,CACO-2
13434,MCF7
13435,RT4
13436,HEK 293
13437,RT4
13438,RT4
13439,MCF7
13440,MCF7
13441,RT4
13442,CACO-2
13443,RT4
13444,RT4
13445,MCF7
13446,RT4
13447,MCF7
13448,RT4
13449,CACO-2
13450,HeLa
13451,U-2 OS
13452,RT4
13453,HEK 293
13454,U-2 OS
13455,CACO-2
13456,MCF7
13457,RT4
13458,RT4
13459,RT4
13460,PC-3
13461,U-251 MG
13462,PC-3
13463,RT4
13464,MCF7
13465,RT4
13466,RT4
13467,A549
13468,HeLa
13469,CACO-2
13470,PC-3
13471,RT4
13472,RT4
13473,RT4
13474,CACO-2
13475,RT4
13476,HeLa
13477,RT4
13478,RT4
13479,RT4
13480,U-251 MG
13481,MCF7
13482,RT4
13483,CACO-2
13484,U-251 MG
13485,MCF7
13486,A549
13487,PC-3
13488,MCF7
13489,RT4
13490,RT4
13491,CACO-2
13492,HeLa
13493,HEK 293
13494,CACO-2
13495,MCF7
13496,RT4
13497,HEK 293
13498,CACO-2
13499,RT4
13500,HeLa
13501,RT4
13502,MCF7
13503,HeLa
13504,RT4
13505,RT4
13506,RT4
13507,U-2 OS
13508,RT4
13509,RT4
13510,RT4
13511,RT4
13512,CACO-2
13513,RT4
13514,HEK 293
13515,RT4
13516,RT4
13517,MCF7
13518,CACO-2
13519,HEK 293
13520,RT4
13521,HEK 293
13522,MCF7
13523,U-251 MG
13524,RT4
13525,MCF7
13526,MCF7
13527,RT4
13528,PC-3
13529,RT4
13530,U-2 OS
13531,RT4
13532,PC-3
13533,U-251 MG
13534,A549
13535,RT4
13536,HEK 293
13537,U-2 OS
13538,RT4
13539,RT4
13540,U-2 OS
13541,RT4
13542,CACO-2
13543,CACO-2
13544,MCF7
13545,A549
13546,CACO-2
13547,A549
13548,RT4
13549,CACO-2
13550,HEK 293
13551,RT4
13552,CACO-2
13553,HEK 293
13554,CACO-2
13555,RT4
13556,RT4
13557,A549
13558,HEK 293
13559,PC-3
13560,RT4
13561,PC-3
13562,RT4
13563,MCF7
13564,MCF7
13565,MCF7
13566,HeLa
13567,MCF7
13568,RT4
13569,CACO-2
13570,RT4
13571,RT4
13572,U-2 OS
13573,PC-3
13574,CACO-2
13575,RT4
13576,A549
13577,PC-3
13578,RT4
13579,U-251 MG
13580,CACO-2
13581,CACO-2
13582,RT4
13583,RT4
13584,RT4
13585,RT4
13586,HEK 293
13587,A549
13588,MCF7
13589,MCF7
13590,RT4
13591,RT4
13592,MCF7
13593,RT4
13594,RT4
13595,U-251 MG
13596,CACO-2
13597,CACO-2
13598,RT4
13599,RT4
13600,RT4
13601,RT4
13602,MCF7
13603,RT4
13604,MCF7
13605,RT4
13606,HeLa
13607,U-2 OS
13608,CACO-2
13609,MCF7
13610,RT4
13611,HEK 293
13612,CACO-2
13613,A549
13614,U-2 OS
13615,HeLa
13616,MCF7
13617,PC-3
13618,RT4
13619,RT4
13620,RT4
13621,HEK 293
13622,A549
13623,CACO-2
13624,HEK 293
13625,CACO-2
13626,RT4
13627,U-251 MG
13628,RT4
13629,RT4
13630,HeLa
13631,RT4
13632,HEK 293
13633,RT4
13634,MCF7
13635,CACO-2
13636,MCF7
13637,PC-3
13638,RT4
13639,RT4
13640,RT4
13641,MCF7
13642,U-2 OS
13643,RT4
13644,RT4
13645,RT4
13646,RT4
13647,MCF7
13648,U-2 OS
13649,U-251 MG
13650,A549
13651,RT4
13652,U-251 MG
13653,CACO-2
13654,HEK 293
13655,HeLa
13656,CACO-2
13657,U-251 MG
13658,CACO-2
13659,RT4
13660,CACO-2
13661,PC-3
13662,CACO-2
13663,MCF7
13664,RT4
13665,HeLa
13666,HeLa
13667,CACO-2
13668,MCF7
13669,RT4
13670,RT4
13671,RT4
13672,RT4
13673,CACO-2
13674,HEK 293
13675,U-251 MG
13676,MCF7
13677,RT4
13678,PC-3
13679,PC-3
13680,HEK 293
13681,HEK 293
13682,A549
13683,MCF7
13684,HEK 293
13685,MCF7
13686,RT4
13687,CACO-2
13688,CACO-2
13689,CACO-2
13690,CACO-2
13691,RT4
13692,A549
13693,CACO-2
13694,RT4
13695,U-2 OS
13696,HEK 293
13697,RT4
13698,CACO-2
13699,RT4
13700,A549
13701,A549
13702,RT4
13703,U-251 MG
13704,HEK 293
13705,RT4
13706,RT4
13707,HEK 293
13708,CACO-2
13709,RT4
13710,MCF7
13711,HeLa
13712,CACO-2
13713,CACO-2
13714,RT4
13715,CACO-2
13716,MCF7
13717,U-251 MG
13718,MCF7
13719,RT4
13720,MCF7
13721,HEK 293
13722,CACO-2
13723,CACO-2
13724,CACO-2
13725,MCF7
13726,U-251 MG
13727,CACO-2
13728,MCF7
13729,RT4
13730,PC-3
13731,PC-3
13732,A549
13733,RT4
13734,RT4
13735,CACO-2
13736,HEK 293
13737,RT4
13738,MCF7
13739,MCF7
13740,RT4
13741,RT4
13742,MCF7
13743,RT4
13744,HEK 293
13745,RT4
13746,MCF7
13747,MCF7
13748,A549
13749,MCF7
13750,CACO-2
13751,RT4
13752,HEK 293
13753,HEK 293
13754,U-2 OS
13755,A549
13756,PC-3
13757,MCF7
13758,MCF7
13759,MCF7
13760,HEK 293
13761,HEK 293
13762,PC-3
13763,HEK 293
13764,RT4
13765,RT4
13766,HEK 293
13767,RT4
13768,MCF7
13769,CACO-2
13770,MCF7
13771,RT4
13772,RT4
13773,RT4
13774,RT4
13775,CACO-2
13776,HEK 293
13777,RT4
13778,U-2 OS
13779,CACO-2
13780,RT4
13781,RT4
13782,MCF7
13783,HeLa
13784,MCF7
13785,RT4
13786,HEK 293
13787,RT4
13788,PC-3
13789,U-251 MG
13790,RT4
13791,MCF7
13792,MCF7
13793,MCF7
13794,CACO-2
13795,CACO-2
13796,RT4
13797,CACO-2
13798,PC-3
13799,MCF7
13800,RT4
13801,CACO-2
13802,RT4
13803,HEK 293
13804,CACO-2
13805,HEK 293
13806,HEK 293
13807,MCF7
13808,RT4
13809,PC-3
13810,U-251 MG
13811,RT4
13812,MCF7
13813,RT4
13814,CACO-2
13815,PC-3
13816,MCF7
13817,RT4
13818,A549
13819,HeLa
13820,CACO-2
13821,U-251 MG
13822,MCF7
13823,RT4
13824,U-2 OS
13825,HEK 293
13826,RT4
13827,MCF7
13828,CACO-2
13829,HEK 293
13830,U-2 OS
13831,RT4
13832,RT4
13833,MCF7
13834,U-2 OS
13835,MCF7
13836,RT4
13837,RT4
13838,HEK 293
13839,RT4
13840,MCF7
13841,RT4
13842,HEK 293
13843,RT4
13844,CACO-2
13845,HEK 293
13846,PC-3
13847,MCF7
13848,A549
13849,RT4
13850,RT4
13851,RT4
13852,HEK 293
13853,HEK 293
13854,RT4
13855,MCF7
13856,HEK 293
13857,HEK 293
13858,RT4
13859,HeLa
13860,U-2 OS
13861,PC-3
13862,CACO-2
13863,CACO-2
13864,RT4
13865,HEK 293
13866,RT4
13867,PC-3
13868,MCF7
13869,U-251 MG
13870,RT4
13871,HEK 293
13872,MCF7
13873,MCF7
13874,U-251 MG
13875,U-2 OS
13876,RT4
13877,MCF7
13878,RT4
13879,PC-3
13880,HEK 293
13881,HEK 293
13882,MCF7
13883,HEK 293
13884,U-2 OS
13885,A549
13886,RT4
13887,CACO-2
13888,HEK 293
13889,U-2 OS
13890,RT4
13891,PC-3
13892,PC-3
13893,U-251 MG
13894,RT4
13895,CACO-2
13896,MCF7
13897,MCF7
13898,MCF7
13899,CACO-2
13900,CACO-2
13901,RT4
13902,HEK 293
13903,RT4
13904,RT4
13905,RT4
13906,HEK 293
13907,HEK 293
13908,CACO-2
13909,MCF7
13910,RT4
13911,RT4
13912,MCF7
13913,RT4
13914,HEK 293
13915,HEK 293
13916,A549
13917,CACO-2
13918,CACO-2
13919,HeLa
13920,HEK 293
13921,U-251 MG
13922,U-251 MG
13923,CACO-2
13924,RT4
13925,RT4
13926,HEK 293
13927,MCF7
13928,MCF7
13929,MCF7
13930,MCF7
13931,HEK 293
13932,RT4
13933,RT4
13934,HeLa
13935,MCF7
13936,HEK 293
13937,CACO-2
13938,HEK 293
13939,U-2 OS
13940,RT4
13941,RT4
13942,MCF7
13943,MCF7
13944,U-251 MG
13945,RT4
13946,RT4
13947,U-2 OS
13948,HEK 293
13949,MCF7
13950,RT4
13951,RT4
13952,MCF7
13953,RT4
13954,MCF7
13955,HEK 293
13956,RT4
13957,RT4
13958,RT4
13959,U-251 MG
13960,CACO-2
13961,CACO-2
13962,CACO-2
13963,MCF7
13964,RT4
13965,CACO-2
13966,MCF7
13967,RT4
13968,RT4
13969,CACO-2
13970,MCF7
13971,U-251 MG
13972,RT4
13973,CACO-2
13974,RT4
13975,RT4
13976,MCF7
13977,RT4
13978,RT4
13979,HEK 293
13980,RT4
13981,U-2 OS
13982,A549
13983,CACO-2
13984,MCF7
13985,MCF7
13986,A549
13987,RT4
13988,MCF7
13989,HEK 293
13990,RT4
13991,MCF7
13992,RT4
13993,PC-3
13994,RT4
13995,U-2 OS
13996,MCF7
13997,RT4
13998,HEK 293
13999,RT4
14000,MCF7
14001,RT4
14002,A549
14003,CACO-2
14004,RT4
14005,HeLa
14006,MCF7
14007,RT4
14008,U-251 MG
14009,RT4
14010,MCF7
14011,MCF7
14012,CACO-2
14013,RT4
14014,CACO-2
14015,U-2 OS
14016,RT4
14017,MCF7
14018,CACO-2
14019,PC-3
14020,CACO-2
14021,RT4
14022,RT4
14023,PC-3
14024,RT4
14025,CACO-2
14026,MCF7
14027,U-2 OS
14028,RT4
14029,U-2 OS
14030,RT4
14031,RT4
14032,HEK 293
14033,HeLa
14034,CACO-2
14035,CACO-2
14036,U-2 OS
14037,HeLa
14038,MCF7
14039,PC-3
14040,RT4
14041,MCF7
14042,RT4
14043,PC-3
14044,U-251 MG
14045,HeLa
14046,RT4
14047,HEK 293
14048,U-2 OS
14049,PC-3
14050,RT4
14051,RT4
14052,CACO-2
14053,MCF7
14054,HEK 293
14055,A549
14056,MCF7
14057,CACO-2
14058,RT4
14059,RT4
14060,RT4
14061,MCF7
14062,HEK 293
14063,CACO-2
14064,CACO-2
14065,U-2 OS
14066,MCF7
14067,RT4
14068,RT4
14069,CACO-2
14070,RT4
14071,RT4
14072,U-251 MG
14073,RT4
14074,MCF7
14075,MCF7
14076,U-251 MG
14077,RT4
14078,CACO-2
14079,CACO-2
14080,A549
14081,HeLa
14082,RT4
14083,RT4
14084,A549
14085,RT4
14086,RT4
14087,HEK 293
14088,MCF7
14089,U-251 MG
14090,RT4
14091,HEK 293
14092,RT4
14093,RT4
14094,U-2 OS
14095,MCF7
14096,CACO-2
14097,CACO-2
14098,U-251 MG
14099,RT4
14100,HEK 293
14101,MCF7
14102,CACO-2
14103,PC-3
14104,PC-3
14105,MCF7
14106,RT4
14107,MCF7
14108,HEK 293
14109,U-2 OS
14110,CACO-2
14111,MCF7
14112,HEK 293
14113,CACO-2
14114,HEK 293
14115,HeLa
14116,CACO-2
14117,RT4
14118,U-2 OS
14119,CACO-2
14120,RT4
14121,MCF7
14122,RT4
14123,A549
14124,CACO-2
14125,MCF7
14126,MCF7
14127,RT4
14128,RT4
14129,CACO-2
14130,PC-3
14131,RT4
14132,RT4
14133,RT4
14134,HEK 293
14135,MCF7
14136,CACO-2
14137,HEK 293
14138,CACO-2
14139,MCF7
14140,HeLa
14141,RT4
14142,CACO-2
14143,MCF7
14144,A549
14145,U-2 OS
14146,A549
14147,HEK 293
14148,PC-3
14149,CACO-2
14150,RT4
14151,PC-3
14152,U-2 OS
14153,MCF7
14154,RT4
14155,PC-3
14156,U-2 OS
14157,A549
14158,RT4
14159,HEK 293
14160,RT4
14161,PC-3
14162,CACO-2
14163,MCF7
14164,CACO-2
14165,MCF7
14166,MCF7
14167,MCF7
14168,A549
14169,RT4
14170,U-2 OS
14171,HEK 293
14172,MCF7
14173,MCF7
14174,U-251 MG
14175,PC-3
14176,CACO-2
14177,U-251 MG
14178,MCF7
14179,CACO-2
14180,U-251 MG
14181,HEK 293
14182,RT4
14183,HEK 293
14184,CACO-2
14185,RT4
14186,U-2 OS
14187,A549
14188,RT4
14189,RT4
14190,HEK 293
14191,CACO-2
14192,RT4
14193,MCF7
14194,U-251 MG
14195,RT4
14196,HEK 293
14197,U-2 OS
14198,RT4
14199,HEK 293
14200,RT4
14201,PC-3
14202,CACO-2
14203,RT4
14204,U-251 MG
14205,U-251 MG
14206,RT4
14207,RT4
14208,A549
14209,MCF7
14210,PC-3
14211,U-2 OS
14212,RT4
14213,PC-3
14214,HEK 293
14215,CACO-2
14216,RT4
14217,RT4
14218,PC-3
14219,RT4
14220,RT4
14221,A549
14222,RT4
14223,PC-3
14224,U-2 OS
14225,CACO-2
14226,PC-3
14227,RT4
14228,RT4
14229,RT4
14230,PC-3
14231,MCF7
14232,PC-3
14233,RT4
14234,RT4
14235,RT4
14236,A549
14237,HEK 293
14238,MCF7
14239,HEK 293
14240,MCF7
14241,HeLa
14242,RT4
14243,A549
14244,RT4
14245,RT4
14246,A549
14247,HEK 293
14248,MCF7
14249,HEK 293
14250,RT4
14251,PC-3
14252,HEK 293
14253,MCF7
14254,MCF7
14255,RT4
14256,RT4
14257,U-2 OS
14258,CACO-2
14259,CACO-2
14260,MCF7
14261,MCF7
14262,MCF7
14263,RT4
14264,A549
14265,CACO-2
14266,MCF7
14267,RT4
14268,RT4
14269,RT4
14270,CACO-2
14271,RT4
14272,RT4
14273,A549
14274,PC-3
14275,U-251 MG
14276,CACO-2
14277,PC-3
14278,MCF7
14279,CACO-2
14280,HEK 293
14281,U-251 MG
14282,RT4
14283,RT4
14284,HeLa
14285,U-2 OS
14286,PC-3
14287,CACO-2
14288,MCF7
14289,RT4
14290,MCF7
14291,A549
14292,A549
14293,MCF7
14294,MCF7
14295,RT4
14296,HEK 293
14297,HEK 293
14298,CACO-2
14299,MCF7
14300,U-2 OS
14301,CACO-2
14302,PC-3
14303,MCF7
14304,RT4
14305,CACO-2
14306,RT4
14307,RT4
14308,U-2 OS
14309,RT4
14310,U-2 OS
14311,HEK 293
14312,RT4
14313,U-251 MG
14314,RT4
14315,HEK 293
14316,RT4
14317,CACO-2
14318,MCF7
14319,A549
14320,CACO-2
14321,RT4
14322,U-251 MG
14323,RT4
14324,HEK 293
14325,PC-3
14326,RT4
14327,RT4
14328,MCF7
14329,RT4
14330,RT4
14331,U-251 MG
14332,RT4
14333,MCF7
14334,CACO-2
14335,U-2 OS
14336,MCF7
14337,HEK 293
14338,U-251 MG
14339,MCF7
14340,CACO-2
14341,CACO-2
14342,A549
14343,HEK 293
14344,CACO-2
14345,CACO-2
14346,HeLa
14347,MCF7
14348,PC-3
14349,U-251 MG
14350,U-2 OS
14351,U-251 MG
14352,RT4
14353,U-251 MG
14354,MCF7
14355,RT4
14356,RT4
14357,MCF7
14358,RT4
14359,CACO-2
14360,A549
14361,RT4
14362,PC-3
14363,CACO-2
14364,HEK 293
14365,RT4
14366,RT4
14367,RT4
14368,RT4
14369,MCF7
14370,U-2 OS
14371,RT4
14372,U-2 OS
14373,CACO-2
14374,MCF7
14375,RT4
14376,HEK 293
14377,MCF7
14378,HEK 293
14379,RT4
14380,A549
14381,HeLa
14382,RT4
14383,MCF7
14384,HEK 293
14385,MCF7
14386,CACO-2
14387,PC-3
14388,RT4
14389,U-2 OS
14390,RT4
14391,MCF7
14392,A549
14393,MCF7
14394,RT4
14395,RT4
14396,MCF7
14397,RT4
14398,MCF7
14399,U-2 OS
14400,RT4
14401,HeLa
14402,U-251 MG
14403,RT4
14404,HEK 293
14405,MCF7
14406,RT4
14407,PC-3
14408,RT4
14409,MCF7
14410,HeLa
14411,RT4
14412,RT4
14413,CACO-2
14414,MCF7
14415,CACO-2
14416,MCF7
14417,RT4
14418,MCF7
14419,HeLa
14420,MCF7
14421,U-2 OS
14422,RT4
14423,A549
14424,HEK 293
14425,CACO-2
14426,U-251 MG
14427,A549
14428,MCF7
14429,RT4
14430,MCF7
14431,PC-3
14432,RT4
14433,RT4
14434,MCF7
14435,RT4
14436,A549
14437,U-251 MG
14438,CACO-2
14439,HEK 293
14440,RT4
14441,PC-3
14442,RT4
14443,MCF7
14444,U-2 OS
14445,RT4
14446,RT4
14447,CACO-2
14448,RT4
14449,HEK 293
14450,PC-3
14451,RT4
14452,MCF7
14453,CACO-2
14454,MCF7
14455,HEK 293
14456,RT4
14457,RT4
14458,HEK 293
14459,RT4
14460,RT4
14461,PC-3
14462,RT4
14463,RT4
14464,PC-3
14465,PC-3
14466,CACO-2
14467,HeLa
14468,HEK 293
14469,CACO-2
14470,CACO-2
14471,CACO-2
14472,PC-3
14473,HEK 293
14474,RT4
14475,RT4
14476,MCF7
14477,HEK 293
14478,HeLa
14479,MCF7
14480,CACO-2
14481,HEK 293
14482,HEK 293
14483,HEK 293
14484,HeLa
14485,CACO-2
14486,U-2 OS
14487,RT4
14488,MCF7
14489,U-2 OS
14490,RT4
14491,RT4
14492,RT4
14493,RT4
14494,CACO-2
14495,HEK 293
14496,RT4
14497,MCF7
14498,MCF7
14499,RT4
14500,RT4
14501,MCF7
14502,RT4
14503,HEK 293
14504,RT4
14505,RT4
14506,MCF7
14507,RT4
14508,U-251 MG
14509,PC-3
14510,U-251 MG
14511,CACO-2
14512,RT4
14513,RT4
14514,U-2 OS
14515,A549
14516,HEK 293
14517,PC-3
14518,U-2 OS
14519,CACO-2
14520,MCF7
14521,CACO-2
14522,MCF7
14523,RT4
14524,HEK 293
14525,CACO-2
14526,HEK 293
14527,RT4
14528,RT4
14529,RT4
14530,U-251 MG
14531,U-251 MG
14532,A549
14533,CACO-2
14534,CACO-2
14535,RT4
14536,U-251 MG
14537,RT4
14538,RT4
14539,A549
14540,CACO-2
14541,MCF7
14542,CACO-2
14543,A549
14544,MCF7
14545,PC-3
14546,CACO-2
14547,RT4
14548,RT4
14549,RT4
14550,RT4
14551,RT4
14552,RT4
14553,PC-3
14554,CACO-2
14555,U-2 OS
14556,RT4
14557,CACO-2
14558,HEK 293
14559,U-251 MG
14560,CACO-2
14561,RT4
14562,MCF7
14563,U-2 OS
14564,CACO-2
14565,U-251 MG
14566,U-251 MG
14567,RT4
14568,RT4
14569,HeLa
14570,MCF7
14571,U-2 OS
14572,U-251 MG
14573,RT4
14574,MCF7
14575,HeLa
14576,RT4
14577,A549
14578,RT4
14579,RT4
14580,U-251 MG
14581,U-2 OS
14582,CACO-2
14583,RT4
14584,RT4
14585,MCF7
14586,HeLa
14587,CACO-2
14588,RT4
14589,RT4
14590,CACO-2
14591,PC-3
14592,RT4
14593,HEK 293
14594,MCF7
14595,HeLa
14596,RT4
14597,RT4
14598,CACO-2
14599,CACO-2
14600,RT4
14601,RT4
14602,RT4
14603,MCF7
14604,MCF7
14605,U-251 MG
14606,RT4
14607,HeLa
14608,MCF7
14609,MCF7
14610,U-2 OS
14611,RT4
14612,CACO-2
14613,MCF7
14614,MCF7
14615,HEK 293
14616,MCF7
14617,MCF7
14618,RT4
14619,PC-3
14620,CACO-2
14621,RT4
14622,U-2 OS
14623,HeLa
14624,RT4
14625,HEK 293
14626,CACO-2
14627,CACO-2
14628,CACO-2
14629,U-2 OS
14630,RT4
14631,RT4
14632,CACO-2
14633,CACO-2
14634,RT4
14635,U-251 MG
14636,HEK 293
14637,U-251 MG
14638,RT4
14639,RT4
14640,U-2 OS
14641,RT4
14642,HeLa
14643,CACO-2
14644,MCF7
14645,RT4
14646,MCF7
14647,CACO-2
14648,A549
14649,U-251 MG
14650,HeLa
14651,HEK 293
14652,RT4
14653,MCF7
14654,U-2 OS
14655,CACO-2
14656,PC-3
14657,U-251 MG
14658,MCF7
14659,U-251 MG
14660,U-251 MG
14661,RT4
14662,CACO-2
14663,RT4
14664,U-2 OS
14665,RT4
14666,RT4
14667,CACO-2
14668,MCF7
14669,HEK 293
14670,RT4
14671,RT4
14672,CACO-2
14673,RT4
14674,RT4
14675,RT4
14676,MCF7
14677,U-251 MG
14678,RT4
14679,RT4
14680,HEK 293
14681,RT4
14682,HEK 293
14683,PC-3
14684,HEK 293
14685,MCF7
14686,CACO-2
14687,MCF7
14688,CACO-2
14689,PC-3
14690,RT4
14691,RT4
14692,RT4
14693,MCF7
14694,RT4
14695,MCF7
14696,MCF7
14697,PC-3
14698,HEK 293
14699,MCF7
14700,RT4
14701,U-2 OS
14702,MCF7
14703,U-2 OS
14704,PC-3
14705,U-251 MG
14706,RT4
14707,U-2 OS
14708,RT4
14709,HeLa
14710,RT4
14711,CACO-2
14712,CACO-2
14713,CACO-2
14714,PC-3
14715,HeLa
14716,RT4
14717,HEK 293
14718,CACO-2
14719,RT4
14720,CACO-2
14721,MCF7
14722,A549
14723,RT4
14724,MCF7
14725,HeLa
14726,RT4
14727,CACO-2
14728,U-2 OS
14729,HEK 293
14730,RT4
14731,HEK 293
14732,HEK 293
14733,A549
14734,RT4
14735,HEK 293
14736,RT4
14737,MCF7
14738,RT4
14739,CACO-2
14740,MCF7
14741,HEK 293
14742,PC-3
14743,U-2 OS
14744,U-2 OS
14745,A549
14746,MCF7
14747,RT4
14748,A549
14749,RT4
14750,HEK 293
14751,RT4
14752,U-2 OS
14753,RT4
14754,HEK 293
14755,MCF7
14756,RT4
14757,U-2 OS
14758,RT4
14759,U-251 MG
14760,HEK 293
14761,CACO-2
14762,HeLa
14763,MCF7
14764,RT4
14765,RT4
14766,RT4
14767,U-251 MG
14768,RT4
14769,RT4
14770,A549
14771,CACO-2
14772,CACO-2
14773,U-251 MG
14774,MCF7
14775,RT4
14776,RT4
14777,CACO-2
14778,CACO-2
14779,U-251 MG
14780,HEK 293
14781,U-251 MG
14782,MCF7
14783,MCF7
14784,RT4
14785,U-2 OS
14786,CACO-2
14787,RT4
14788,HEK 293
14789,CACO-2
14790,RT4
14791,RT4
14792,RT4
14793,HeLa
14794,CACO-2
14795,A549
14796,MCF7
14797,MCF7
14798,U-2 OS
14799,PC-3
14800,RT4
14801,CACO-2
14802,CACO-2
14803,U-2 OS
14804,A549
14805,HeLa
14806,HEK 293
14807,CACO-2
14808,RT4
14809,HEK 293
14810,CACO-2
14811,HEK 293
14812,RT4
14813,RT4
14814,HEK 293
14815,RT4
14816,HEK 293
14817,U-2 OS
14818,MCF7
14819,MCF7
14820,RT4
14821,MCF7
14822,PC-3
14823,U-2 OS
14824,CACO-2
14825,HEK 293
14826,MCF7
14827,U-2 OS
14828,HEK 293
14829,RT4
14830,HEK 293
14831,HeLa
14832,CACO-2
14833,RT4
14834,CACO-2
14835,CACO-2
14836,RT4
14837,HeLa
14838,U-2 OS
14839,CACO-2
14840,MCF7
14841,HEK 293
14842,MCF7
14843,RT4
14844,MCF7
14845,RT4
14846,MCF7
14847,RT4
14848,CACO-2
14849,U-251 MG
14850,RT4
14851,CACO-2
14852,RT4
14853,CACO-2
14854,PC-3
14855,RT4
14856,HEK 293
14857,RT4
14858,RT4
14859,PC-3
14860,RT4
14861,MCF7
14862,RT4
14863,HEK 293
14864,CACO-2
14865,RT4
14866,RT4
14867,RT4
14868,RT4
14869,HeLa
14870,MCF7
14871,CACO-2
14872,RT4
14873,RT4
14874,MCF7
14875,CACO-2
14876,RT4
14877,MCF7
14878,CACO-2
14879,RT4
14880,U-2 OS
14881,HEK 293
14882,CACO-2
14883,RT4
14884,MCF7
14885,HeLa
14886,MCF7
14887,RT4
14888,CACO-2
14889,U-251 MG
14890,MCF7
14891,MCF7
14892,MCF7
14893,CACO-2
14894,U-2 OS
14895,MCF7
14896,RT4
14897,HeLa
14898,PC-3
14899,RT4
14900,RT4
14901,CACO-2
14902,RT4
14903,RT4
14904,HEK 293
14905,CACO-2
14906,U-2 OS
14907,MCF7
14908,RT4
14909,RT4
14910,RT4
14911,U-251 MG
14912,CACO-2
14913,CACO-2
14914,RT4
14915,CACO-2
14916,U-251 MG
14917,RT4
14918,MCF7
14919,RT4
14920,RT4
14921,U-251 MG
14922,CACO-2
14923,A549
14924,RT4
14925,RT4
14926,CACO-2
14927,RT4
14928,PC-3
14929,MCF7
14930,MCF7
14931,RT4
14932,HeLa
14933,MCF7
14934,RT4
14935,CACO-2
14936,CACO-2
14937,CACO-2
14938,CACO-2
14939,RT4
14940,MCF7
14941,U-2 OS
14942,HEK 293
14943,RT4
14944,PC-3
14945,RT4
14946,RT4
14947,MCF7
14948,HEK 293
14949,RT4
14950,RT4
14951,RT4
14952,HEK 293
14953,MCF7
14954,HEK 293
14955,CACO-2
14956,RT4
14957,RT4
14958,HeLa
14959,MCF7
14960,CACO-2
14961,RT4
14962,RT4
14963,RT4
14964,RT4
14965,CACO-2
14966,MCF7
14967,RT4
14968,HeLa
14969,RT4
14970,PC-3
14971,U-251 MG
14972,CACO-2
14973,CACO-2
14974,RT4
14975,MCF7
14976,RT4
14977,RT4
14978,MCF7
14979,RT4
14980,PC-3
14981,RT4
14982,RT4
14983,MCF7
14984,RT4
14985,RT4
14986,RT4
14987,MCF7
14988,HeLa
14989,RT4
14990,RT4
14991,A549
14992,RT4
14993,HEK 293
14994,RT4
14995,RT4
14996,A549
14997,CACO-2
14998,RT4
14999,U-2 OS
15000,RT4
15001,RT4
15002,RT4
15003,A549
15004,CACO-2
15005,RT4
15006,RT4
15007,RT4
15008,CACO-2
15009,RT4
15010,CACO-2
15011,CACO-2
15012,HeLa
15013,MCF7
15014,RT4
15015,MCF7
15016,MCF7
15017,HEK 293
15018,U-2 OS
15019,MCF7
15020,CACO-2
15021,CACO-2
15022,RT4
15023,HEK 293
15024,HeLa
15025,RT4
15026,RT4
15027,RT4
15028,RT4
15029,HEK 293
15030,RT4
15031,RT4
15032,HeLa
15033,U-251 MG
15034,RT4
15035,U-2 OS
15036,RT4
15037,RT4
15038,RT4
15039,A549
15040,A549
15041,MCF7
15042,MCF7
15043,RT4
15044,CACO-2
15045,RT4
15046,RT4
15047,RT4
15048,U-251 MG
15049,CACO-2
15050,RT4
15051,U-2 OS
15052,RT4
15053,RT4
15054,U-2 OS
15055,CACO-2
15056,U-2 OS
15057,HEK 293
15058,U-251 MG
15059,RT4
15060,RT4
15061,HEK 293
15062,RT4
15063,HEK 293
15064,HEK 293
15065,CACO-2
15066,RT4
15067,CACO-2
15068,CACO-2
15069,RT4
15070,RT4
15071,MCF7
15072,RT4
15073,RT4
15074,RT4
15075,RT4
15076,RT4
15077,CACO-2
15078,U-251 MG
15079,CACO-2
15080,CACO-2
15081,CACO-2
15082,A549
15083,RT4
15084,RT4
15085,HeLa
15086,MCF7
15087,HEK 293
15088,CACO-2
15089,HeLa
15090,MCF7
15091,MCF7
15092,U-2 OS
15093,PC-3
15094,A549
15095,CACO-2
15096,RT4
15097,MCF7
15098,RT4
15099,RT4
15100,RT4
15101,RT4
15102,RT4
15103,HEK 293
15104,RT4
15105,PC-3
15106,RT4
15107,A549
15108,CACO-2
15109,HEK 293
15110,RT4
15111,MCF7
15112,RT4
15113,RT4
15114,RT4
15115,MCF7
15116,U-251 MG
15117,U-2 OS
15118,U-251 MG
15119,U-2 OS
15120,CACO-2
15121,U-251 MG
15122,MCF7
15123,PC-3
15124,PC-3
15125,CACO-2
15126,PC-3
15127,RT4
15128,RT4
15129,HEK 293
15130,MCF7
15131,MCF7
15132,RT4
15133,RT4
15134,CACO-2
15135,PC-3
15136,RT4
15137,RT4
15138,MCF7
15139,CACO-2
15140,RT4
15141,PC-3
15142,MCF7
15143,PC-3
15144,MCF7
15145,HEK 293
15146,RT4
15147,RT4
15148,RT4
15149,U-2 OS
15150,HeLa
15151,CACO-2
15152,CACO-2
15153,RT4
15154,RT4
15155,RT4
15156,PC-3
15157,RT4
15158,U-2 OS
15159,MCF7
15160,MCF7
15161,U-2 OS
15162,RT4
15163,RT4
15164,RT4
15165,RT4
15166,U-2 OS
15167,HeLa
15168,RT4
15169,RT4
15170,HeLa
15171,RT4
15172,RT4
15173,CACO-2
15174,RT4
15175,CACO-2
15176,HEK 293
15177,RT4
15178,U-251 MG
15179,U-2 OS
15180,U-251 MG
15181,PC-3
15182,RT4
15183,CACO-2
15184,MCF7
15185,MCF7
15186,U-251 MG
15187,CACO-2
15188,MCF7
15189,CACO-2
15190,RT4
15191,CACO-2
15192,HeLa
15193,HEK 293
15194,HEK 293
15195,A549
15196,RT4
15197,CACO-2
15198,RT4
15199,HEK 293
15200,RT4
15201,U-251 MG
15202,RT4
15203,HeLa
15204,CACO-2
15205,PC-3
15206,MCF7
15207,MCF7
15208,CACO-2
15209,MCF7
15210,MCF7
15211,MCF7
15212,A549
15213,RT4
15214,MCF7
15215,RT4
15216,MCF7
15217,PC-3
15218,CACO-2
15219,CACO-2
15220,U-251 MG
15221,RT4
15222,U-2 OS
15223,RT4
15224,RT4
15225,RT4
15226,HEK 293
15227,RT4
15228,U-2 OS
15229,CACO-2
15230,MCF7
15231,PC-3
15232,CACO-2
15233,U-2 OS
15234,PC-3
15235,RT4
15236,RT4
15237,HEK 293
15238,RT4
15239,RT4
15240,RT4
15241,U-2 OS
15242,U-251 MG
15243,MCF7
15244,RT4
15245,RT4
15246,RT4
15247,PC-3
15248,RT4
15249,CACO-2
15250,RT4
15251,MCF7
15252,MCF7
15253,HeLa
15254,RT4
15255,RT4
15256,U-251 MG
15257,CACO-2
15258,MCF7
15259,RT4
15260,RT4
15261,U-2 OS
15262,MCF7
15263,CACO-2
15264,HEK 293
15265,U-2 OS
15266,HEK 293
15267,MCF7
15268,MCF7
15269,CACO-2
15270,CACO-2
15271,A549
15272,PC-3
15273,RT4
15274,CACO-2
15275,RT4
15276,RT4
15277,PC-3
15278,PC-3
15279,MCF7
15280,RT4
15281,HEK 293
15282,MCF7
15283,RT4
15284,U-2 OS
15285,HEK 293
15286,HEK 293
15287,U-251 MG
15288,RT4
15289,RT4
15290,RT4
15291,RT4
15292,PC-3
15293,HeLa
15294,CACO-2
15295,U-251 MG
15296,CACO-2
15297,MCF7
15298,RT4
15299,MCF7
15300,HEK 293
15301,U-2 OS
15302,PC-3
15303,CACO-2
15304,RT4
15305,HEK 293
15306,A549
15307,RT4
15308,HeLa
15309,CACO-2
15310,PC-3
15311,RT4
15312,MCF7
15313,U-2 OS
15314,HEK 293
15315,RT4
15316,U-251 MG
15317,RT4
15318,U-251 MG
15319,HEK 293
15320,HEK 293
15321,RT4
15322,CACO-2
15323,HeLa
15324,RT4
15325,RT4
15326,U-2 OS
15327,MCF7
15328,CACO-2
15329,MCF7
15330,CACO-2
15331,CACO-2
15332,MCF7
15333,CACO-2
15334,CACO-2
15335,MCF7
15336,CACO-2
15337,RT4
15338,RT4
15339,PC-3
15340,MCF7
15341,HEK 293
15342,RT4
15343,U-2 OS
15344,U-251 MG
15345,U-2 OS
15346,MCF7
15347,RT4
15348,U-251 MG
15349,U-251 MG
15350,MCF7
15351,RT4
15352,RT4
15353,RT4
15354,U-2 OS
15355,RT4
15356,RT4
15357,RT4
15358,U-2 OS
15359,MCF7
15360,MCF7
15361,MCF7
15362,U-251 MG
15363,RT4
15364,U-251 MG
15365,RT4
15366,RT4
15367,RT4
15368,U-2 OS
15369,HEK 293
15370,U-2 OS
15371,PC-3
15372,RT4
15373,A549
15374,HEK 293
15375,MCF7
15376,RT4
15377,RT4
15378,RT4
15379,U-2 OS
15380,CACO-2
15381,A549
15382,MCF7
15383,HEK 293
15384,U-251 MG
15385,RT4
15386,U-251 MG
15387,CACO-2
15388,MCF7
15389,U-2 OS
15390,U-2 OS
15391,HEK 293
15392,RT4
15393,RT4
15394,RT4
15395,MCF7
15396,RT4
15397,MCF7
15398,U-2 OS
15399,MCF7
15400,CACO-2
15401,RT4
15402,U-251 MG
15403,HEK 293
15404,MCF7
15405,HEK 293
15406,CACO-2
15407,HeLa
15408,CACO-2
15409,HeLa
15410,MCF7
15411,CACO-2
15412,U-2 OS
15413,RT4
15414,U-251 MG
15415,HeLa
15416,CACO-2
15417,PC-3
15418,U-251 MG
15419,CACO-2
15420,U-2 OS
15421,MCF7
15422,PC-3
15423,MCF7
15424,U-2 OS
15425,RT4
15426,RT4
15427,HEK 293
15428,PC-3
15429,A549
15430,A549
15431,U-2 OS
15432,A549
15433,MCF7
15434,MCF7
15435,MCF7
15436,CACO-2
15437,RT4
15438,CACO-2
15439,RT4
15440,U-2 OS
15441,RT4
15442,HEK 293
15443,RT4
15444,MCF7
15445,U-251 MG
15446,CACO-2
15447,CACO-2
15448,PC-3
15449,U-251 MG
15450,U-2 OS
15451,HEK 293
15452,RT4
15453,RT4
15454,A549
15455,HEK 293
15456,CACO-2
15457,HEK 293
15458,PC-3
15459,MCF7
15460,RT4
15461,CACO-2
15462,MCF7
15463,RT4
15464,MCF7
15465,HEK 293
15466,U-251 MG
15467,PC-3
15468,MCF7
15469,A549
15470,CACO-2
15471,MCF7
15472,HEK 293
15473,RT4
15474,RT4
15475,MCF7
15476,PC-3
15477,RT4
15478,PC-3
15479,HEK 293
15480,MCF7
15481,CACO-2
15482,HEK 293
15483,PC-3
15484,CACO-2
15485,U-2 OS
15486,HeLa
15487,CACO-2
15488,RT4
15489,PC-3
15490,HEK 293
15491,U-251 MG
15492,MCF7
15493,PC-3
15494,RT4
15495,PC-3
15496,U-251 MG
15497,RT4
15498,PC-3
15499,MCF7
15500,A549
15501,RT4
15502,HeLa
15503,U-2 OS
15504,RT4
15505,RT4
15506,CACO-2
15507,RT4
15508,CACO-2
15509,HeLa
15510,MCF7
15511,CACO-2
15512,RT4
15513,HEK 293
15514,RT4
15515,U-251 MG
15516,PC-3
15517,RT4
15518,RT4
15519,MCF7
15520,CACO-2
15521,U-251 MG
15522,MCF7
15523,PC-3
15524,RT4
15525,HeLa
15526,RT4
15527,HeLa
15528,CACO-2
15529,MCF7
15530,U-2 OS
15531,CACO-2
15532,RT4
15533,HEK 293
15534,MCF7
15535,U-2 OS
15536,A549
15537,RT4
15538,RT4
15539,RT4
15540,CACO-2
15541,RT4
15542,U-251 MG
15543,U-2 OS
15544,U-2 OS
15545,PC-3
15546,HEK 293
15547,HEK 293
15548,RT4
15549,A549
15550,RT4
15551,MCF7
15552,RT4
15553,U-251 MG
15554,MCF7
15555,CACO-2
15556,RT4
15557,RT4
15558,MCF7
15559,MCF7
15560,RT4
15561,CACO-2
15562,RT4
15563,PC-3
15564,HeLa
15565,MCF7
15566,MCF7
15567,RT4
15568,RT4
15569,U-2 OS
15570,HEK 293
15571,RT4
15572,U-251 MG
15573,PC-3
15574,HeLa
15575,MCF7
15576,PC-3
15577,RT4
15578,U-2 OS
15579,U-2 OS
15580,U-251 MG
15581,A549
15582,RT4
15583,A549
15584,RT4
15585,MCF7
15586,U-2 OS
15587,RT4
15588,RT4
15589,U-251 MG
15590,HeLa
15591,RT4
15592,RT4
15593,MCF7
15594,RT4
15595,MCF7
15596,HEK 293
15597,U-2 OS
15598,A549
15599,HEK 293
15600,A549
15601,RT4
15602,RT4
15603,CACO-2
15604,U-2 OS
15605,CACO-2
15606,HEK 293
15607,U-251 MG
15608,PC-3
15609,CACO-2
15610,RT4
15611,A549
15612,RT4
15613,RT4
15614,RT4
15615,U-251 MG
15616,MCF7
15617,RT4
15618,RT4
15619,HeLa
15620,HEK 293
15621,RT4
15622,RT4
15623,RT4
15624,RT4
15625,RT4
15626,HEK 293
15627,U-2 OS
15628,MCF7
15629,U-251 MG
15630,HEK 293
15631,CACO-2
15632,HeLa
15633,U-2 OS
15634,CACO-2
15635,RT4
15636,HeLa
15637,MCF7
15638,MCF7
15639,CACO-2
15640,RT4
15641,MCF7
15642,RT4
15643,RT4
15644,RT4
15645,CACO-2
15646,CACO-2
15647,HEK 293
15648,RT4
15649,HEK 293
15650,MCF7
15651,RT4
15652,HEK 293
15653,U-2 OS
15654,MCF7
15655,CACO-2
15656,A549
15657,U-2 OS
15658,U-251 MG
15659,A549
15660,HEK 293
15661,RT4
15662,U-251 MG
15663,RT4
15664,U-2 OS
15665,RT4
15666,U-2 OS
15667,MCF7
15668,HeLa
15669,CACO-2
15670,HEK 293
15671,RT4
15672,RT4
15673,A549
15674,RT4
15675,MCF7
15676,A549
15677,RT4
15678,RT4
15679,PC-3
15680,MCF7
15681,RT4
15682,RT4
15683,RT4
15684,MCF7
15685,RT4
15686,RT4
15687,HEK 293
15688,RT4
15689,RT4
15690,RT4
15691,A549
15692,RT4
15693,CACO-2
15694,HEK 293
15695,CACO-2
15696,MCF7
15697,HEK 293
15698,U-251 MG
15699,RT4
15700,RT4
15701,U-2 OS
15702,MCF7
15703,RT4
15704,RT4
15705,HEK 293
15706,RT4
15707,RT4
15708,RT4
15709,CACO-2
15710,RT4
15711,U-251 MG
15712,HeLa
15713,RT4
15714,MCF7
15715,A549
15716,RT4
15717,RT4
15718,MCF7
15719,RT4
15720,MCF7
15721,HeLa
15722,MCF7
15723,CACO-2
15724,RT4
15725,PC-3
15726,CACO-2
15727,RT4
15728,U-2 OS
15729,RT4
15730,RT4
15731,RT4
15732,U-2 OS
15733,RT4
15734,MCF7
15735,PC-3
15736,MCF7
15737,MCF7
15738,RT4
15739,HEK 293
15740,HEK 293
15741,MCF7
15742,HEK 293
15743,HEK 293
15744,U-2 OS
15745,RT4
15746,MCF7
15747,MCF7
15748,RT4
15749,RT4
15750,CACO-2
15751,MCF7
15752,HEK 293
15753,HEK 293
15754,HEK 293
15755,MCF7
15756,RT4
15757,RT4
15758,RT4
15759,PC-3
15760,CACO-2
15761,RT4
15762,MCF7
15763,U-2 OS
15764,RT4
15765,CACO-2
15766,PC-3
15767,A549
15768,RT4
15769,HEK 293
15770,CACO-2
15771,MCF7
15772,CACO-2
15773,MCF7
15774,RT4
15775,PC-3
15776,HEK 293
15777,PC-3
15778,A549
15779,RT4
15780,CACO-2
15781,MCF7
15782,MCF7
15783,RT4
15784,RT4
15785,HEK 293
15786,MCF7
15787,CACO-2
15788,MCF7
15789,RT4
15790,HEK 293
15791,HEK 293
15792,HEK 293
15793,U-2 OS
15794,CACO-2
15795,HeLa
15796,HEK 293
15797,RT4
15798,CACO-2
15799,MCF7
15800,U-251 MG
15801,U-2 OS
15802,MCF7
15803,CACO-2
15804,RT4
15805,RT4
15806,HEK 293
15807,RT4
15808,HeLa
15809,RT4
15810,RT4
15811,MCF7
15812,U-2 OS
15813,RT4
15814,MCF7
15815,RT4
15816,U-2 OS
15817,CACO-2
15818,U-2 OS
15819,MCF7
15820,MCF7
15821,U-251 MG
15822,CACO-2
15823,RT4
15824,U-251 MG
15825,RT4
15826,HEK 293
15827,PC-3
15828,U-2 OS
15829,RT4
15830,MCF7
15831,HEK 293
15832,HEK 293
15833,RT4
15834,MCF7
15835,PC-3
15836,HeLa
15837,MCF7
15838,RT4
15839,CACO-2
15840,PC-3
15841,MCF7
15842,RT4
15843,RT4
15844,RT4
15845,U-251 MG
15846,MCF7
15847,U-2 OS
15848,RT4
15849,MCF7
15850,CACO-2
15851,HEK 293
15852,MCF7
15853,MCF7
15854,RT4
15855,RT4
15856,PC-3
15857,CACO-2
15858,HeLa
15859,RT4
15860,HEK 293
15861,MCF7
15862,CACO-2
15863,HeLa
15864,RT4
15865,RT4
15866,U-251 MG
15867,RT4
15868,RT4
15869,MCF7
15870,RT4
15871,U-2 OS
15872,U-251 MG
15873,U-251 MG
15874,RT4
15875,RT4
15876,HEK 293
15877,RT4
15878,MCF7
15879,CACO-2
15880,CACO-2
15881,PC-3
15882,RT4
15883,RT4
15884,HeLa
15885,U-2 OS
15886,RT4
15887,U-2 OS
15888,U-2 OS
15889,PC-3
15890,CACO-2
15891,A549
15892,RT4
15893,U-251 MG
15894,U-2 OS
15895,HEK 293
15896,MCF7
15897,RT4
15898,RT4
15899,CACO-2
15900,PC-3
15901,HeLa
15902,U-2 OS
15903,MCF7
15904,MCF7
15905,RT4
15906,U-2 OS
15907,RT4
15908,RT4
15909,U-251 MG
15910,CACO-2
15911,U-2 OS
15912,HeLa
15913,RT4
15914,MCF7
15915,U-251 MG
15916,HeLa
15917,HEK 293
15918,RT4
15919,RT4
15920,CACO-2
15921,U-251 MG
15922,A549
15923,MCF7
15924,RT4
15925,RT4
15926,CACO-2
15927,RT4
15928,HEK 293
15929,MCF7
15930,RT4
15931,HEK 293
15932,PC-3
15933,RT4
15934,RT4
15935,CACO-2
15936,U-2 OS
15937,HeLa
15938,RT4
15939,HEK 293
15940,RT4
15941,HEK 293
15942,HEK 293
15943,CACO-2
15944,CACO-2
15945,A549
15946,CACO-2
15947,RT4
15948,CACO-2
15949,MCF7
15950,RT4
15951,CACO-2
15952,A549
15953,MCF7
15954,MCF7
15955,RT4
15956,HeLa
15957,PC-3
15958,RT4
15959,U-251 MG
15960,CACO-2
15961,MCF7
15962,RT4
15963,PC-3
15964,A549
15965,RT4
15966,RT4
15967,HEK 293
15968,CACO-2
15969,RT4
15970,U-251 MG
15971,CACO-2
15972,RT4
15973,U-2 OS
15974,RT4
15975,CACO-2
15976,CACO-2
15977,CACO-2
15978,CACO-2
15979,CACO-2
15980,MCF7
15981,HEK 293
15982,PC-3
15983,RT4
15984,U-2 OS
15985,CACO-2
15986,U-2 OS
15987,A549
15988,MCF7
15989,HEK 293
15990,MCF7
15991,MCF7
15992,U-2 OS
15993,MCF7
15994,CACO-2
15995,A549
15996,RT4
15997,U-2 OS
15998,CACO-2
15999,MCF7
16000,RT4
16001,HEK 293
16002,PC-3
16003,RT4
16004,RT4
16005,U-2 OS
16006,CACO-2
16007,U-2 OS
16008,PC-3
16009,CACO-2
16010,U-2 OS
16011,MCF7
16012,HEK 293
16013,RT4
16014,MCF7
16015,RT4
16016,RT4
16017,RT4
16018,RT4
16019,RT4
16020,MCF7
16021,A549
16022,RT4
16023,MCF7
16024,RT4
16025,HEK 293
16026,U-2 OS
16027,HeLa
16028,RT4
16029,U-2 OS
16030,RT4
16031,MCF7
16032,U-2 OS
16033,U-2 OS
16034,A549
16035,RT4
16036,RT4
16037,PC-3
16038,RT4
16039,RT4
16040,RT4
16041,RT4
16042,HeLa
16043,U-251 MG
16044,CACO-2
16045,RT4
16046,CACO-2
16047,RT4
16048,U-2 OS
16049,RT4
16050,HEK 293
16051,HEK 293
16052,RT4
16053,PC-3
16054,U-251 MG
16055,CACO-2
16056,A549
16057,MCF7
16058,RT4
16059,PC-3
16060,RT4
16061,MCF7
16062,CACO-2
16063,RT4
16064,CACO-2
16065,CACO-2
16066,HEK 293
16067,MCF7
16068,HeLa
16069,PC-3
16070,CACO-2
16071,RT4
16072,RT4
16073,CACO-2
16074,RT4
16075,RT4
16076,HeLa
16077,U-251 MG
16078,U-2 OS
16079,PC-3
16080,U-251 MG
16081,A549
16082,RT4
16083,RT4
16084,MCF7
16085,CACO-2
16086,CACO-2
16087,MCF7
16088,RT4
16089,MCF7
16090,RT4
16091,U-2 OS
16092,RT4
16093,RT4
16094,MCF7
16095,HEK 293
16096,U-2 OS
16097,U-251 MG
16098,HEK 293
16099,RT4
16100,RT4
16101,CACO-2
16102,RT4
16103,U-251 MG
16104,MCF7
16105,RT4
16106,A549
16107,PC-3
16108,RT4
16109,HEK 293
16110,U-2 OS
16111,A549
16112,MCF7
16113,RT4
16114,CACO-2
16115,PC-3
16116,RT4
16117,RT4
16118,A549
16119,HEK 293
16120,CACO-2
16121,RT4
16122,CACO-2
16123,MCF7
16124,RT4
16125,U-251 MG
16126,HEK 293
16127,HeLa
16128,PC-3
16129,CACO-2
16130,RT4
16131,CACO-2
16132,CACO-2
16133,MCF7
16134,HEK 293
16135,HEK 293
16136,MCF7
16137,RT4
16138,RT4
16139,RT4
16140,CACO-2
16141,PC-3
16142,RT4
16143,HEK 293
16144,RT4
16145,RT4
16146,CACO-2
16147,RT4
16148,MCF7
16149,MCF7
16150,PC-3
16151,RT4
16152,RT4
16153,HeLa
16154,U-2 OS
16155,RT4
16156,RT4
16157,RT4
16158,HEK 293
16159,U-251 MG
16160,HEK 293
16161,PC-3
16162,RT4
16163,RT4
16164,RT4
16165,MCF7
16166,RT4
16167,MCF7
16168,RT4
16169,RT4
16170,RT4
16171,U-2 OS
16172,MCF7
16173,MCF7
16174,PC-3
16175,MCF7
16176,CACO-2
16177,MCF7
16178,U-251 MG
16179,HEK 293
16180,HEK 293
16181,RT4
16182,RT4
16183,RT4
16184,HEK 293
16185,RT4
16186,RT4
16187,RT4
16188,RT4
16189,RT4
16190,A549
16191,PC-3
16192,U-251 MG
16193,MCF7
16194,MCF7
16195,PC-3
16196,MCF7
16197,U-251 MG
16198,MCF7
16199,MCF7
16200,HEK 293
16201,CACO-2
16202,MCF7
16203,PC-3
16204,CACO-2
16205,CACO-2
16206,MCF7
16207,MCF7
16208,HeLa
16209,CACO-2
16210,CACO-2
16211,RT4
16212,U-2 OS
16213,MCF7
16214,MCF7
16215,HeLa
16216,MCF7
16217,A549
16218,CACO-2
16219,MCF7
16220,PC-3
16221,RT4
16222,U-2 OS
16223,RT4
16224,A549
16225,RT4
16226,HEK 293
16227,CACO-2
16228,HEK 293
16229,RT4
16230,CACO-2
16231,CACO-2
16232,U-251 MG
16233,HEK 293
16234,RT4
16235,RT4
16236,RT4
16237,CACO-2
16238,MCF7
16239,HEK 293
16240,RT4
16241,MCF7
16242,RT4
16243,RT4
16244,RT4
16245,A549
16246,HEK 293
16247,HEK 293
16248,CACO-2
16249,A549
16250,MCF7
16251,RT4
16252,RT4
16253,PC-3
16254,CACO-2
16255,RT4
16256,CACO-2
16257,RT4
16258,RT4
16259,RT4
16260,U-2 OS
16261,MCF7
16262,U-251 MG
16263,HEK 293
16264,HEK 293
16265,RT4
16266,CACO-2
16267,CACO-2
16268,RT4
16269,RT4
16270,PC-3
16271,MCF7
16272,MCF7
16273,HEK 293
16274,RT4
16275,RT4
16276,CACO-2
16277,HEK 293
16278,CACO-2
16279,RT4
16280,A549
16281,MCF7
16282,CACO-2
16283,U-2 OS
16284,CACO-2
16285,CACO-2
16286,MCF7
16287,RT4
16288,MCF7
16289,A549
16290,MCF7
16291,A549
16292,RT4
16293,CACO-2
16294,U-2 OS
16295,MCF7
16296,RT4
16297,HEK 293
16298,A549
16299,HeLa
16300,HeLa
16301,MCF7
16302,CACO-2
16303,PC-3
16304,HeLa
16305,CACO-2
16306,RT4
16307,U-251 MG
16308,HEK 293
16309,RT4
16310,RT4
16311,RT4
16312,MCF7
16313,PC-3
16314,RT4
16315,MCF7
16316,MCF7
16317,CACO-2
16318,RT4
16319,RT4
16320,MCF7
16321,A549
16322,RT4
16323,HeLa
16324,RT4
16325,PC-3
16326,CACO-2
16327,CACO-2
16328,CACO-2
16329,A549
16330,HEK 293
16331,U-251 MG
16332,PC-3
16333,MCF7
16334,RT4
16335,RT4
16336,RT4
16337,RT4
16338,RT4
16339,RT4
16340,MCF7
16341,A549
16342,U-2 OS
16343,RT4
16344,RT4
16345,PC-3
16346,HeLa
16347,CACO-2
16348,CACO-2
16349,CACO-2
16350,HEK 293
16351,U-2 OS
16352,U-2 OS
16353,HEK 293
16354,U-2 OS
16355,MCF7
16356,RT4
16357,RT4
16358,RT4
16359,HeLa
16360,HEK 293
16361,RT4
16362,CACO-2
16363,MCF7
16364,U-251 MG
16365,HEK 293
16366,U-2 OS
16367,CACO-2
16368,HEK 293
16369,RT4
16370,RT4
16371,HEK 293
16372,HEK 293
16373,CACO-2
16374,RT4
16375,MCF7
16376,PC-3
16377,RT4
16378,RT4
16379,RT4
16380,MCF7
16381,RT4
16382,MCF7
16383,RT4
16384,PC-3
16385,MCF7
16386,HEK 293
16387,RT4
16388,HeLa
16389,PC-3
16390,RT4
16391,HeLa
16392,CACO-2
16393,RT4
16394,RT4
16395,RT4
16396,HeLa
16397,CACO-2
16398,RT4
16399,RT4
16400,U-2 OS
16401,RT4
16402,U-251 MG
16403,HeLa
16404,CACO-2
16405,HEK 293
16406,A549
16407,RT4
16408,A549
16409,RT4
16410,RT4
16411,PC-3
16412,RT4
16413,MCF7
16414,RT4
16415,CACO-2
16416,RT4
16417,CACO-2
16418,HEK 293
16419,U-251 MG
16420,A549
16421,U-2 OS
16422,CACO-2
16423,CACO-2
16424,CACO-2
16425,RT4
16426,MCF7
16427,RT4
16428,A549
16429,CACO-2
16430,MCF7
16431,HeLa
16432,A549
16433,CACO-2
16434,MCF7
16435,RT4
16436,U-251 MG
16437,HEK 293
16438,RT4
16439,RT4
16440,PC-3
16441,RT4
16442,MCF7
16443,HeLa
16444,PC-3
16445,U-2 OS
16446,RT4
16447,CACO-2
16448,CACO-2
16449,MCF7
16450,HEK 293
16451,HEK 293
16452,U-2 OS
16453,RT4
16454,RT4
16455,CACO-2
16456,RT4
16457,MCF7
16458,U-2 OS
16459,A549
16460,RT4
16461,HEK 293
16462,RT4
16463,A549
16464,RT4
16465,RT4
16466,U-2 OS
16467,RT4
16468,CACO-2
16469,MCF7
16470,MCF7
16471,CACO-2
16472,U-251 MG
16473,RT4
16474,U-2 OS
16475,CACO-2
16476,HEK 293
16477,PC-3
16478,HEK 293
16479,PC-3
16480,CACO-2
16481,CACO-2
16482,RT4
16483,CACO-2
16484,U-251 MG
16485,RT4
16486,HEK 293
16487,U-2 OS
16488,RT4
16489,MCF7
16490,RT4
16491,U-251 MG
16492,HeLa
16493,HeLa
16494,PC-3
16495,U-251 MG
16496,PC-3
16497,RT4
16498,RT4
16499,HEK 293
16500,CACO-2
16501,MCF7
